"name","sku","slug"
Netflix 120 PLN,Netflix-120-PLN,netflix-120-pln
iTunes 1000 RUB,iTunes-1000-RUB,itunes-1000-rub
Spotify 6 Month SE,Spotify-6-Month-SE,spotify-6-month-se
PSN 50 EUR NL,PSN-50-EUR-NL,psn-50-eur-nl
PlayStation Plus 90 Days IE,PlayStation-Plus-90-Days-IE,playstation-plus-90-days-ie
Amazon 50 AED,Amazon-50-AED,amazon-50-aed
Playstation Now 1 Month ES,Playstation-Now-1-Month-ES,playstation-now-1-month-es
Bol.com 100 EUR,Bol.com-100-EUR,bolcom-100-eur
Green Man Gaming 25 GBP,Green-Man-Gaming-25-GBP,green-man-gaming-25-gbp
CASHlib 20 EUR,CASHlib-20-EUR,cashlib-20-eur
Dinrex Testproduct SUV,Dinrex-Testproduct-SUV,dinrex-testproduct-suv
Spotify 6 Month LV,Spotify-6-Month-LV,spotify-6-month-lv
Transcash 500 EUR,Transcash-500-EUR,transcash-500-eur
PlayStation Plus 90 Days NO,PlayStation-Plus-90-Days-NO,playstation-plus-90-days-no
Steam 300 HKD,Steam-300-HKD,steam-300-hkd
Neosurf 100 DKK,Neosurf-100-DKK,neosurf-100-dkk
PSN 20 USD OM,PSN-20-USD-OM,psn-20-usd-om
Perx Virtual Mastercard 25 GBP,Perx-Virtual-Mastercard-25-GBP,perx-virtual-mastercard-25-gbp
Amazon 100 GBP,Amazon-100-GBP,amazon-100-gbp
Neosurf 100 GBP,Neosurf-100-GBP,neosurf-100-gbp
CASHlib 100 CAD,CASHlib-100-CAD,cashlib-100-cad
PSN 5 EUR AT,PSN-5-EUR-AT,psn-5-eur-at
Xbox Live 3 Months GCC,Xbox-Live-3-Months-GCC,xbox-live-3-months-gcc
Mint 20 EUR,Mint-20-EUR,mint-20-eur
Spotify 10 EUR BE,Spotify-10-EUR-BE,spotify-10-eur-be
Mint 20 GBP,Mint-20-GBP,mint-20-gbp
PlayStation Plus 90 Days LB,PlayStation-Plus-90-Days-LB,playstation-plus-90-days-lb
Neosurf 20 AUD,Neosurf-20-AUD,neosurf-20-aud
Xbox Live 6plus1 Months,Xbox-Live-6plus1-Months,xbox-live-6plus1-months
Paysafecard 100 EUR BE,Paysafecard-100-EUR-BE,paysafecard-100-eur-be
Zalando 50 EUR NL,Zalando-50-EUR-NL,zalando-50-eur-nl
Amazon 500 MXN,Amazon-500-MXN,amazon-500-mxn
PlayStation Plus 365 Days AT,PlayStation-Plus-365-Days-AT,playstation-plus-365-days-at
Zalando 100 EUR IT,Zalando-100-EUR-IT,zalando-100-eur-it
Nintendo eShop 50 USD,Nintendo-eShop-50-USD,nintendo-eshop-50-usd
Perx Virtual Mastercard 100 USD,Perx-Virtual-Mastercard-100-USD,perx-virtual-mastercard-100-usd
NCSOFT 400 NCoins WW,NCSOFT-400-NCoins-WW,ncsoft-400-ncoins-ww
Spotify 1 month AU,Spotify-1-month-AU,spotify-1-month-au
Spotify 6 Month PT,Spotify-6-Month-PT,spotify-6-month-pt
PayPal Giftcard 25 EUR,PayPal-Giftcard-25-EUR,paypal-giftcard-25-eur
Spotify 1 Month IT,Spotify-1-Month-IT,spotify-1-month-it
Green Man Gaming 20 GBP,Green-Man-Gaming-20-GBP,green-man-gaming-20-gbp
iTunes 50 EUR FI,iTunes-50-EUR-FI,itunes-50-eur-fi
Xbox Live 12plus1 months,Xbox-Live-12plus1-months,xbox-live-12plus1-months
Spotify 3 Month GR,Spotify-3-Month-GR,spotify-3-month-gr
Qiwi 500 RUB,Qiwi-500-RUB,qiwi-500-rub
League of Legends 50 BR,League-of-Legends-50-BR,league-of-legends-50-br
PSN 100 EUR DE,PSN-100-EUR-DE,psn-100-eur-de
Rixty 10 USD,Rixty-10-USD,rixty-10-usd
PSN 70 USD OM,PSN-70-USD-OM,psn-70-usd-om
Spotify 3 Month ES,Spotify-3-Month-ES,spotify-3-month-es-1586261484948-2892
Xbox 20 EUR,Xbox-20-EUR,xbox-20-eur
Zalando 250 NOK,Zalando-250-NOK,zalando-250-nok
ecoVoucher 25 EUR,ecoVoucher-25-EUR,ecovoucher-25-eur
iTunes 500 RUB,iTunes-500-RUB,itunes-500-rub
Go Cash 20 USD,Go-Cash-20-USD,go-cash-20-usd
Ouibus 25 EUR FR,Ouibus-25-EUR-FR,ouibus-25-eur-fr
AliPay 100 CNY,AliPay-100-CNY,alipay-100-cny
Google Play 5 USD,Google-Play-5-USD,google-play-5-usd
Toneo First 50 EUR,Toneo-First-50-EUR,toneo-first-50-eur
Netflix 150 BRL,Netflix-150-BRL,netflix-150-brl
iTunes 50 GBP,iTunes-50-GBP,itunes-50-gbp
PSN 20 EUR AT,PSN-20-EUR-AT,psn-20-eur-at
Amazon 10 EUR NL,Amazon-10-EUR-NL,amazon-10-eur-nl
Flexepin EUR 250,Flexepin-EUR-250,flexepin-eur-250
PlayStation Plus 90 days SE,PlayStation-Plus-90-days-SE,playstation-plus-90-days-se
PSN 30 USD BH,PSN-30-USD-BH,psn-30-usd-bh
Steam 40 PLN,Steam-40-PLN,steam-40-pln
Virtual Visa 5 USD,Virtual-Visa-5-USD,virtual-visa-5-usd
Origin 20 EUR DE,Origin-20-EUR-DE,origin-20-eur-de
Xbox Live 12 Months GCC,Xbox-Live-12-Months-GCC,xbox-live-12-months-gcc
Zalando 25 EUR ES,Zalando-25-EUR-ES,zalando-25-eur-es
Xbox Live 200 MXN,Xbox-Live-200-MXN,xbox-live-200-mxn
FlipKart 100 INR,FlipKart-100-INR,flipkart-100-inr
PSN 2000 THB,PSN-2000-THB,psn-2000-thb
GTA Megalodon Shark Card PS4,GTA-Megalodon-Shark-Card-PS-4,gta-megalodon-shark-card-ps4
WalletOne 1000 RUB,WalletOne-1000-RUB,walletone-1000-rub
Flexepin AUD 500,Flexepin-AUD-500,flexepin-aud-500
CASHlib 20 GBP,CASHlib-20-GBP,cashlib-20-gbp
Flexepin EUR 200,Flexepin-EUR-200,flexepin-eur-200
PayPal Giftcard 100 EUR,PayPal-Giftcard-100-EUR,paypal-giftcard-100-eur
PlayStation Plus 365 Days MX,PlayStation-Plus-365-Days-MX,playstation-plus-365-days-mx
iTunes 500 AED,iTunes-500-AED,itunes-500-aed
ecoVoucher 50 EUR,ecoVoucher-50-EUR,ecovoucher-50-eur
Flexepin EUR 100,Flexepin-EUR-100,flexepin-eur-100
Paysafecard 5 EUR DE,Paysafecard-5-EUR-DE,paysafecard-5-eur-de
iTunes 50 EUR FR,iTunes-50-EUR-FR,itunes-50-eur-fr
Xbox Live 50 PLN PL,Xbox-Live-50-PLN-PL,xbox-live-50-pln-pl
PayPal Giftcard 100 GBP,PayPal-Giftcard-100-GBP,paypal-giftcard-100-gbp
PlayStation Plus 365 Days KW,PlayStation-Plus-365-Days-KW,playstation-plus-365-days-kw
Battle.net 50 USD,Battle.net-50-USD,battlenet-50-usd
Google Play 25 GBP,Google-Play-25-GBP,google-play-25-gbp
PSN 40 USD SA,PSN-40-USD-SA,psn-40-usd-sa
Green Man Gaming 15 EUR,Green-Man-Gaming-15-EUR,green-man-gaming-15-eur
Netflix 500 AED,Netflix-500-AED,netflix-500-aed
PSN 15 USD QA,PSN-15-USD-QA,psn-15-usd-qa
G2A Giftcard 100 EUR,G2A-Giftcard-100-EUR,g2a-giftcard-100-eur
Zula 16250 Gold,Zula-16250-Gold,zula-16250-gold
bit4coin 10 EUR,bit4coin-10-EUR,bit4coin-10-eur
Google Play 100 SAR,Google-Play-100-SAR,google-play-100-sar
PSN 500 CZ,PSN-500-CZK-CZ,psn-500-cz
Prepaid Mastercard 3 GBP,Prepaid-Mastercard-3-GBP,prepaid-mastercard-3-gbp
PSN 45 USD QA,PSN-45-USD-QA,psn-45-usd-qa
Paysafecard 50 AED,Paysafecard-50-AED,paysafecard-50-aed
Xbox Live 3 Months UK,Xbox-Live-3-Months-UK,xbox-live-3-months-uk
iTunes 5 USD,iTunes-5-USD,itunes-5-usd
Bol.com Giftcard 20 euro be,Bol.com-Giftcard-20-euro-be,bolcom-giftcard-20-euro-be
PayPal Giftcard 25 GBP,PayPal-Giftcard-25-GBP,paypal-giftcard-25-gbp
Spotify 60 EUR FR,Spotify-60-EUR-FR,spotify-60-eur-fr
Zalando 250 PLN,Zalando-250-PLN,zalando-250-pln
Neosurf 100 PLN,Neosurf-100-PLN,neosurf-100-pln
iTunes 50 EUR AT,iTunes-50-EUR-AT,itunes-50-eur-at
PSN 25 EUR ES,PSN-25-EUR-ES,psn-25-eur-es
Paysafecard 100 AED,Paysafecard-100-AED,paysafecard-100-aed
PSN 400 DKK,PSN-400-DKK,psn-400-dkk
Prepaid Mastercard 25 EUR,Prepaid-Mastercard-25-EUR,prepaid-mastercard-25-eur
Netflix 50 TRY,Netflix-50-TRY,netflix-50-try
iTunes 15 EUR BE,iTunes-15-EUR-BE,itunes-15-eur-be
CASHlib 100 CHF,CASHlib-100-CHF,cashlib-100-chf
Zalando 100 EUR FR,Zalando-100-EUR-FR,zalando-100-eur-fr
PSN 25 EUR DE,PSN-25-EUR-DE,psn-25-eur-de
iTunes 50 AUD,iTunes-50-AUD,itunes-50-aud
AliPay 1000 CNY,AliPay-1000-CNY,alipay-1000-cny
Virtual Visa 50 USD,Virtual-Visa-50-USD,virtual-visa-50-usd
League of Legends 18 GBP,League-of-Legends-18-GBP,league-of-legends-18-gbp
PSN 30 GBP,PSN-30-GBP,psn-30-gbp
PSN 10 EUR ES,PSN-10-EUR-ES,psn-10-eur-es
Steam 100 HKD,Steam-100-HKD,steam-100-hkd
PlayStation Plus 365 Days NO,PlayStation-Plus-365-Days-NO,playstation-plus-365-days-no
Virtual Visa 25 CAD,Virtual-Visa-25-CAD,virtual-visa-25-cad
Zalando 10 EUR BE,Zalando-10-EUR-BE,zalando-10-eur-be
Steam 5 GBP,Steam-5-GBP,steam-5-gbp
Jeton 10 EUR,Jeton-10-EUR,jeton-10-eur
Flexepin AUD 200,Flexepin-AUD-200,flexepin-aud-200
League of Legends 10 EUR - WEST,League-of-Legends-10-EUR-WEST,league-of-legends-10-eur-west
Mint 100 GBP,Mint-100-GBP,mint-100-gbp
EA Origin Cash Card 20 EUR,EA-Origin-Cash-Card-20-EUR,ea-origin-cash-card-20-eur
Google Play 20 SAR,Google-Play-20-SAR,google-play-20-sar
Paysafecard 10 EUR FR,Paysafecard-10-EUR-FR,paysafecard-10-eur-fr
Skrill Giftcard 100 EUR,Skrill-Giftcard-100-EUR,skrill-giftcard-100-eur
PSN 5 USD LB,PSN-5-USD-LB,psn-5-usd-lb
Xbox 15 EUR,Xbox-15-EUR,xbox-15-eur
PlayStation Plus 90 days FR,PlayStation-Plus-90-days-FR,playstation-plus-90-days-fr
iTunes 25 USD,iTunes-25-USD,itunes-25-usd
iTunes 25 EUR AT,iTunes-25-EUR-AT,itunes-25-eur-at
Steam 100 USD,Steam-100-USD,steam-100-usd
Xbox Game Pass Ultimate 1 Month EUR,Xbox-Game-Pass-Ultimate-1-Month-EUR,xbox-game-pass-ultimate-1-month-eur
Go Cash 15 USD,Go-Cash-15-USD,go-cash-15-usd
Zula 150000 Gold,Zula-150000-Gold,zula-150000-gold
Neosurf 1500 NOK,Neosurf-1500-NOK,neosurf-1500-nok
Qiwi 1000 RUB,Qiwi-1000-RUB,qiwi-1000-rub
iTunes 15 USD,iTunes-15-USD,itunes-15-usd
CDA Premium 3 Months PL,CDA-Premium-3-Months-PL,cda-premium-3-months-pl
Ticket Premium 25 EUR,Ticket-Premium-25-EUR,ticket-premium-25-eur
Flexepin GBP 100,Flexepin-GBP-100,flexepin-gbp-100
PayPal Giftcard 100 USD,PayPal-Giftcard-100-USD,paypal-giftcard-100-usd
Google Play 10 CHF CH,Google-Play-10-CHF-CH,google-play-10-chf-ch
PayPal Giftcard 2500 MXN,PayPal-Giftcard-2500-MXN,paypal-giftcard-2500-mxn
WebMoney 25 EUR,WebMoney-25-EUR,webmoney-25-eur
Ticket Premium 10 EUR,Ticket-Premium-10-EUR,ticket-premium-10-eur
Neosurf 50 PLN,Neosurf-50-PLN,neosurf-50-pln
Playstation Now 12 Months AT,Playstation-Now-12-Months-AT,playstation-now-12-months-at
Steam 100 TWD,Steam-100-TWD,steam-100-twd
League Of Legends 24 TRY,League-Of-Legends-24-TRY,league-of-legends-24-try
Skype 10 AUD,Skype-10-AUD,skype-10-aud
PSN 25 CHF,PSN-25-CHF,psn-25-chf
PSN 50 GBP,PSN-50-GBP,psn-50-gbp
Syma 35 EUR,Syma-35-EUR,syma-35-eur
PayPal Giftcard 250 MXN,PayPal-Giftcard-250-MXN,paypal-giftcard-250-mxn
Google Play 50 SAR,Google-Play-50-SAR,google-play-50-sar
Uber 10 USD,Uber-10-USD,uber-10-usd
Nexon Karma Koin 10 USD,Nexon-Karma-Koin-10-USD,nexon-karma-koin-10-usd
Google Play 20 AUD,Google-Play-20-AUD,google-play-20-aud
FlipKart 1000 INR,FlipKart-1000-INR,flipkart-1000-inr
iTunes 50 TRY,iTunes-50-TRY,itunes-50-try
iTunes 10 EUR IE,iTunes-10-EUR-IE,itunes-10-eur-ie
PSN 200 PLN PL,PSN-200-PLN-PL,psn-200-pln-pl
iTunes 15 EUR ES,iTunes-15-EUR-ES,itunes-15-eur-es
Playstation Now 1 Month AT,Playstation-Now-1-Month-AT,playstation-now-1-month-at
PlayStation Plus 90 Days KW,PlayStation-Plus-90-Days-KW,playstation-plus-90-days-kw
Nexon Karma Koin 25 USD,Nexon-Karma-Koin-25-USD,nexon-karma-koin-25-usd
G2A Giftcard 10 USD,G2A-Giftcard-10-USD,g2a-giftcard-10-usd
PlayStation Plus 90 Days US,PlayStation-Plus-90-Days-US,playstation-plus-90-days-us
Perx Virtual Mastercard 50 EUR,Perx-Virtual-Mastercard-50-EUR,perx-virtual-mastercard-50-eur
PSN 10 USD KW,PSN-10-USD-KW,psn-10-usd-kw
FlipKart 500 INR,FlipKart-500-INR,flipkart-500-inr
Xbox Live 100 USD,Xbox-Live-100-USD,xbox-live-100-usd
PSN 10 CHF,PSN-10-CHF,psn-10-chf
Google Play 300 AED,Google-300-AED,google-play-300-aed
PayPal Giftcard 10 EUR,PayPal-Giftcard-10-EUR,paypal-giftcard-10-eur
Playstation Now 1 Month CH,Playstation-Now-1-Month-CH,playstation-now-1-month-ch
OPSkins 10 USD,OPSkins-10-USD,opskins-10-usd
Origin 60 PLN,Origin-60-PLN,origin-60-pln
Xbox 100 BRL BR,Xbox-100-BRL-BR,xbox-100-brl-br
Zalando 10 EUR DE,Zalando-10-EUR-DE,zalando-10-eur-de
Neosurf 15 EUR,Neosurf-15-EUR,neosurf-15-eur
G2A 5 EUR,G2A-5-EUR,g2a-5-eur
NCSOFT 2000 NCoins,NCSOFT-2000-NCoins,ncsoft-2000-ncoins
Paysafecard 25 EUR ES,Paysafecard-25-EUR-ES,paysafecard-25-eur-es
PayPal Giftcard 500 MXN,PayPal-Giftcard-500-MXN,paypal-giftcard-500-mxn
Amazon 10 EUR ES,Amazon-10-EUR-ES,amazon-10-eur-es
Prepaid Mastercard 100 GBP,Prepaid-Mastercard-100-GBP,prepaid-mastercard-100-gbp
iTunes 30 AUD,iTunes-30-AUD,itunes-30-aud
Amazon 25 USD,Amazon-25-USD,amazon-25-usd
Perx Virtual Mastercard 25 EUR,Perx-Virtual-Mastercard-25-EUR,perx-virtual-mastercard-25-eur
Prepaid Mastercard 15 EUR,Prepaid-Mastercard-15-EUR,prepaid-mastercard-15-eur
Amazon 50 EUR FR,Amazon-50-EUR-FR,amazon-50-eur-fr
PlayStation Plus 365 days ES,PlayStation-Plus-365-days-ES,playstation-plus-365-days-es
PlayStation Plus 365 days FI,PlayStation-Plus-365-days-FI,playstation-plus-365-days-fi
Prepaid Mastercard 15 USD,Prepaid-Mastercard-15-USD,prepaid-mastercard-15-usd
Razer Gold 20 EUR,Razer-Gold-20-EUR,razer-gold-20-eur
Empik 25 PLN,Empik-25-PLN,empik-25-pln
PSN 30 EUR DE,PSN-30-EUR-DE,psn-30-eur-de
PSN 25 USD,PSN-25-USD,psn-25-usd
World of Tanks 1000 Gold plus 7 Days Premium,World-of-Tanks-1000-Gold-plus-7-Days-Premium,world-of-tanks-1000-gold-plus-7-days-premium
Paysafecard 25 EUR FR,Paysafecard-25-EUR-FR,paysafecard-25-eur-fr
CashU 10 USD GCC,CashU-10-USD-GCC,cashu-10-usd-gcc
PSN 3000 INR IN,PSN-3000-INR-IN,psn-3000-inr-in
SoShop.club 100 EUR,SoShop.club-100-EUR,soshopclub-100-eur
League of Legends 10 EUR - WEST-NORTH-EAST,League-of-Legends-10-EUR-WEST-NORTH-EAST,league-of-legends-10-eur-west-north-east
Keplerk 50 EUR,Keplerk-50-EUR,keplerk-50-eur
iTunes 10 EUR BE,iTunes-10-EUR-BE,itunes-10-eur-be
PSN 50 CAD,PSN-50-CAD,psn-50-cad
Skype 25 USD,Skype-25-USD,skype-25-usd
PSN 100 EUR AT,PSN-100-EUR-AT,psn-100-eur-at
Xbox Live 1 Month,Xbox-Live-1-Month,xbox-live-1-month
Netflix 15 EUR,Netflix-15-EUR,netflix-15-eur
iTunes 50 USD,iTunes-50-USD,itunes-50-usd
Spotify 1 Month NL,Spotify-1-Month-NL,spotify-1-month-nl
Amazon 25 CAD,Amazon-25-CAD,amazon-25-cad
Amazon 100 AED,Amazon-100-AED,amazon-100-aed
WalletOne 10000 RUB,WalletOne-10000-RUB,walletone-10000-rub
EA Access 1 Month,EA-Access-1-Month,ea-access-1-month
Perx Virtual Mastercard 100 GBP,Perx-Virtual-Mastercard-100-GBP,perx-virtual-mastercard-100-gbp
EA Origin Cash Card 40 EUR,EA-Origin-Cash-Card-40-EUR,ea-origin-cash-card-40-eur
Razer Gold 10 EUR,Razer-Gold-10-EUR,razer-gold-10-eur
Origin 30 EUR DE,Origin-30-EUR-DE,origin-30-eur-de
PayPal Giftcard 5 USD,PayPal-Giftcard-5-USD,paypal-giftcard-5-usd
Deezer 60 EUR DE,Deezer-60-EUR-DE,deezer-60-eur-de
GameStop 25 USD,GameStop-25-USD,gamestop-25-usd
Zalando 5 GBP,Zalando-5-GBP,zalando-5-gbp
PlayStation Plus 90 days ES,PlayStation-Plus-90-days-ES,playstation-plus-90-days-es
Xbox 50 CAD,Xbox-50-CAD,xbox-50-cad
Playstation Now 12 Months ES,Playstation-Now-12-Months-ES,playstation-now-12-months-es
Zalando 25 EUR FR,Zalando-25-EUR-FR,zalando-25-eur-fr
Amazon 50 EUR ES,Amazon-50-EUR-ES,amazon-50-eur-es
PSN 20 USD SA,PSN-20-USD-SA,psn-20-usd-sa
CashU 10 USD NAC,CashU-10-USD-NAC,cashu-10-usd-nac
League of Legends 100 BRL,League-of-Legends-100-BRL,league-of-legends-100-brl
Amazon 20 EUR FR,Amazon-20-EUR-FR,amazon-20-eur-fr
Battle.net 20 USD,Battle.net-20-USD,battlenet-20-usd
bit4coin 25 EUR,bit4coin-25-EUR,bit4coin-25-eur
Amazon 5 EUR ES,Amazon-5-EUR-ES,amazon-5-eur-es
Deezer 60 EUR NL,Deezer-60-EUR-NL,deezer-60-eur-nl
Nexon Karma Koin 25 EUR,Nexon-Karma-Koin-25-EUR,nexon-karma-koin-25-eur
Virtual Visa 50 CAD,Virtual-Visa-50-CAD,virtual-visa-50-cad
Flexepin GBP 175,Flexepin-GBP-175,flexepin-gbp-175
Mint 10 GBP,Mint-10-GBP,mint-10-gbp
Nintendo 9000 JPY,Nintendo-9000-JPY,nintendo-9000-jpy
Zalando 50 GBP,Zalando-50-GBP,zalando-50-gbp
PSN 50 USD AE,PSN-50-USD-AE,psn-50-usd-ae
Zalando 500 SEK,Zalando-500-SEK,zalando-500-sek
G2A Giftcard 20 GBP,G2A-Giftcard-20-GBP,g2a-giftcard-20-gbp
Xbox 200 SAR SA,Xbox-200-SAR-SA,xbox-200-sar-sa
Nintendo 3 Months EU,Nintendo-3-Months-EU,nintendo-3-months-eu
AdvCash 10000 RUB,AdvCash-10000-RUB,advcash-10000-rub
Eve Online 110 PLEX,Eve-Online-110-PLEX,eve-online-110-plex
Steam 5 TRY,Steam-5-TRY,steam-5-try
Origin 120 PLN,Origin-120-PLN,origin-120-pln
Neosurf 750 PLN,Neosurf-750-PLN,neosurf-750-pln
Virtual Visa 5 AUD,Virtual-Visa-5-AUD,virtual-visa-5-aud
bit4coin 10 USD,bit4coin-10-USD,bit4coin-10-usd
iTunes 10 EUR DE,iTunes-10-EUR-DE,itunes-10-eur-de
Perx Virtual Mastercard 50 GBP,Perx-Virtual-Mastercard-50-GBP,perx-virtual-mastercard-50-gbp
Eneba 10 EUR,Eneba-10-EUR,eneba-10-eur
PSN 35 CHF,PSN-35-CHF,psn-35-chf
Toneo First 150 EUR,Toneo-First-150-EUR,toneo-first-150-eur
Mint 10 EUR,Mint-10-EUR,mint-10-eur
Facebook 15 EUR,Facebook-15-EUR,facebook-15-eur
Amazon 20 GBP,Amazon-20-GBP,amazon-20-gbp
Netflix 30 AUD,Netflix-30-AUD,netflix-30-aud
Amazon 100 EUR ES,Amazon-100-EUR-ES,amazon-100-eur-es
Zalando 100 NOK,Zalando-100-NOK,zalando-100-nok
Deezer 30 EUR DE,Deezer-30-EUR-DE,deezer-30-eur-de
PSN 400 SEK SE,PSN-400-SEK-SE,psn-400-sek-se
WebMoney 100 USD,WebMoney-100-USD,webmoney-100-usd
CASHlib 10 EUR,CASHlib-10-EUR,cashlib-10-eur
Facebook 50 USD,Facebook-50-USD,facebook-50-usd
PlayStation Plus 90 Days AT,PlayStation-Plus-90-Days-AT,playstation-plus-90-days-at
Battle.net 20 EUR,Battle.net-20-EUR,battlenet-20-eur
Xbox 50 USD AE,Xbox-50-USD-AE,xbox-50-usd-ae
iTunes 150 NOK NO,iTunes-150-NOK-NO,itunes-150-nok-no
Xbox 25 USD GCC,Xbox-25-USD-GCC,xbox-25-usd-gcc
Prepaid Mastercard 10 AUD,Prepaid-Mastercard-10-AUD,prepaid-mastercard-10-aud
NCSOFT 4000 NCoins,NCSOFT-4000-NCoins,ncsoft-4000-ncoins
Flexepin CAD 50,Flexepin-CAD-50,flexepin-cad-50
Zalando 25 EUR DE,Zalando-25-EUR-DE,zalando-25-eur-de
Green Man Gaming 15 GBP,Green-Man-Gaming-15-GBP,green-man-gaming-15-gbp
Paysafecard 750 AED,Paysafecard-750-AED,paysafecard-750-aed
PayPal Giftcard 100 AUD,PayPal-Giftcard-100-AUD,paypal-giftcard-100-aud
Apple Music 3 Months,Apple-Music-3-Months,apple-music-3-months
League of Legends 5 EUR - WEST,League-of-Legends-5-EUR-WEST,league-of-legends-5-eur-west
G2A 10 EUR,G2A-10-EUR,g2a-10-eur
Google Play 75 PLN,Google-Play-75-PLN,google-play-75-pln
CASHlib 50 CAD,CASHlib-50-CAD,cashlib-50-cad
Paysafecard 10 EUR DE,Paysafecard-10-EUR-DE,paysafecard-10-eur-de
Google Play 10 GBP,Google-Play-10-GBP,google-play-10-gbp
Netflix 25 TRY,Netflix-25-TRY,netflix-25-try
World of Warcraft 60 days UK,World-of-Warcraft-60-days-UK,world-of-warcraft-60-days-uk
PSN 50 EUR DE,PSN-50-EUR-DE,psn-50-eur-de
iTunes 5 EUR FR,iTunes-5-EUR-FR,itunes-5-eur-fr
Amazon 5 CAD,Amazon-5-CAD,amazon-5-cad
Zalando 25 GBP,Zalando-25-GBP,zalando-25-gbp
Playstation Now 3 Months IT,Playstation-Now-3-Months-IT,playstation-now-3-months-it
Flexepin GBP 50,Flexepin-GBP-50,flexepin-gbp-50
Nintendo eShop 50 GBP,Nintendo-eShop-50-GBP,nintendo-eshop-50-gbp
CashU 50 USD ROW,CashU-50-USD-ROW,cashu-50-usd-row
PlayStation Plus 365 Days BE,PlayStation-Plus-365-Days-BE,playstation-plus-365-days-be
Ticket Premium 250 EUR,Ticket-Premium-250-EUR,ticket-premium-250-eur
Kinguin 25 EUR,Kinguin-25-EUR,kinguin-25-eur
Flexepin EUR 50,Flexepin-EUR-50,flexepin-eur-50
Crypto Voucher 200 USD,Crypto-Voucher-200-USD,crypto-voucher-200-usd
Xbox Game Pass 6 Months EU,Xbox-Game-Pass-6-Months-EU,xbox-game-pass-6-months-eu
Xbox Live 12 Months EU,Xbox-Live-12-Months-EU,xbox-live-12-months-eu
Zalando 10 EUR ES,Zalando-10-EUR-ES,zalando-10-eur-es
PSN 60 USD OM,PSN-60-USD-OM,psn-60-usd-om
OneCard 25 USD,OneCard-25-USD,onecard-25-usd
League of Legends 50 BRL,League-of-Legends-50-BRL,league-of-legends-50-brl
Neosurf 30 EUR FR,Neosurf-30-EUR-FR,neosurf-30-eur-fr
Amazon 10 USD,Amazon-10-USD,amazon-10-usd
Yandex Money 5000 RUB,Yandex-Money-5000-RUB,yandex-money-5000-rub
Xbox 300 HKD,Xbox-300-HKD,xbox-300-hkd
Netflix 50 GBP,Netflix-50-GBP,netflix-50-gbp
PSN 500 HKD,PSN-500-HKD,psn-500-hkd
iTunes 25 EUR FR,iTunes-25-EUR-FR,itunes-25-eur-fr
PSN 20 EUR SK,PSN-20-EUR-SK,psn-20-eur-sk
G2A Giftcard 50 GBP,G2A-Giftcard-50-GBP,g2a-giftcard-50-gbp
FIFA 20 - 20 USD - 2200 FUT Points,Fifa-20-20-USD-2200-FUT-Points,fifa-20-20-usd-2200-fut-points
FIFA 20 PS4 2200 points DE,fifa-20-ps4-2200-points-de,fifa-20-ps4-2200-points-de
Amazon 300 MXN,Amazon-300-MXN,amazon-300-mxn
Razer Gold 5 EUR,Razer-Gold-5-EUR,razer-gold-5-eur
Spotify 6 Months DE,Spotify-6-Months-DE,spotify-6-months-de
Spotify 6 Month FI,Spotify-6-Month-FI,spotify-6-month-fi
AdvCash 5000 RUB,AdvCash-5000-RUB,advcash-5000-rub
iTunes 50 AED,iTunes-50-AED,itunes-50-aed
PUBG Mobile Pin 1500 + 300 UC,PUBG-Mobile-Pin-1500-plus-300-UC,pubg-mobile-pin-1500-300-uc
Xbox 100 SAR SA,Xbox-100-SAR-SA,xbox-100-sar-sa
Green Man Gaming 50 EUR,Green-Man-Gaming-50-EUR,green-man-gaming-50-eur
Steam 20 GBP,Steam-20-GBP,steam-20-gbp
APEX Legends 1000 Coins PSN DE,APEX-Legends-1000-Coins-PSN-DE,apex-legends-1000-coins-psn-de
PSN 50 USD OM,PSN-50-USD-OM,psn-50-usd-om
GameForge 100 EUR,GameForge-100-EUR,gameforge-100-eur
PlayStation Plus 365 Days DK,PlayStation-Plus-365-Days-DK,playstation-plus-365-days-dk
Paysafecard 25 EUR AT,Paysafecard-25-EUR-AT,paysafecard-25-eur-at
bit4coin 50 USD,bit4coin-50-USD,bit4coin-50-usd
Perx Virtual Mastercard 10 USD,Perx-Virtual-Mastercard-10-USD,perx-virtual-mastercard-10-usd
Google Play 5 EUR AT,Google-Play-5-EUR-AT,google-play-5-eur-at
Playstation Now 3 Months CH,Playstation-Now-3-Months-CH,playstation-now-3-months-ch
Steam 5 EUR,Steam-5-EUR,steam-5-eur
PSN 10 EUR AT,PSN-10-EUR-AT,psn-10-eur-at
Spotify 3 Month IE,Spotify-3-Month-IE,spotify-3-month-ie
IMVU 10 USD,IMVU-10-USD,imvu-10-usd
Spotify 3 Month LT,Spotify-3-Month-LT,spotify-3-month-lt
Neosurf 150 CAD,Neosurf-150-CAD,neosurf-150-cad
Zula 34000 Gold,Zula-34000-Gold,zula-34000-gold
Spotify 6 Month DK,Spotify-6-Month-DK,spotify-6-month-dk
bit4coin 50 GBP,bit4coin-50-GBP,bit4coin-50-gbp
Virgin e voucher Pay As You Go GBP10,Virgin-e-voucher-Pay-As-You-Go-GBP10,virgin-e-voucher-pay-as-you-go-gbp10
G2A 20 EUR,G2A-20-EUR,g2a-20-eur
iTunes 5000 JPY,iTunes-5000-JPY,itunes-5000-jpy
Amazon 50 EUR NL,Amazon-50-EUR-NL,amazon-50-eur-nl
Origin 60 AUD,Origin-60-AUD,origin-60-aud-1594944023267-1788
Nintendo eShop 15 EUR,Nintendo-eShop-15-EUR,nintendo-eshop-15-eur
Spotify 3 Months UK,Spotify-3-Months-UK,spotify-3-months-uk
PSN 2000 IN,PSN-2000-INR-IN,psn-2000-in
PSN 100 GBP,PSN-100-GBP,psn-100-gbp
PSN 5 EUR ES,PSN-5-EUR-ES,psn-5-eur-es
Crunchyroll 25 USD,Crunchyroll-25-USD,crunchyroll-25-usd
OneCard 50 USD,OneCard-50-USD,onecard-50-usd
Paysafecard 25 EUR DE,Paysafecard-25-EUR-DE,paysafecard-25-eur-de
ArcheAge 8500 credits,ArcheAge-8500-credits,archeage-8500-credits
Neosurf 200 PLN,Neosurf-200-PLN,neosurf-200-pln
APEX Legends 2150 Coins PSN DE,APEX-Legends-2150-Coins-PSN-DE,apex-legends-2150-coins-psn-de
PayPal Giftcard 50 GBP,PayPal-Giftcard-50-GBP,paypal-giftcard-50-gbp
PSN 25 GBP,PSN-25-GBP,psn-25-gbp
Amazon 5000 INR,Amazon-5000-INR,amazon-5000-inr
Nintendo eShop 15 GBP,Nintendo-eShop-15-GBP,nintendo-eshop-15-gbp
Zalando 50 PLN,Zalando-50-PLN,zalando-50-pln
Microsoft 15 EUR,Microsoft-15-EUR,microsoft-15-eur
Green Man Gaming 5 EUR,Green-Man-Gaming-5-EUR,green-man-gaming-5-eur
Apex Legends - 6700 Apex Coins PC WW,Apex-Legends-6700-Apex-Coins-PC-WW,apex-legends-6700-apex-coins-pc-ww
PSN 45 USD OM,PSN-45-USD-OM,psn-45-usd-om
Eve Online 500 PLEX,Eve-Online-500-PLEX,eve-online-500-plex
Paysafecard 50 GBP,Paysafecard-50-GBP,paysafecard-50-gbp
Paysafecard 300 PLN,Paysafecard-300-PLN,paysafecard-300-pln
CASHlib 10 CAD,CASHlib-10-CAD,cashlib-10-cad
Nexon Cash 20.000 EU,Nexon-Cash-20.000-EU,nexon-cash-20000-eu
Zalando 5 EUR DE,Zalando-5-EUR-DE,zalando-5-eur-de
Xbox 50 SAR SA,Xbox-50-SAR-SA,xbox-50-sar-sa
Netflix 60 PLN,Netflix-60-PLN,netflix-60-pln
Steam 80 HKD,Steam-80-HKD,steam-80-hkd
Kinguin 5 EUR,Kinguin-5-EUR,kinguin-5-eur
Xbox Live 200 PLN PL,Xbox-Live-200-PLN-PL,xbox-live-200-pln-pl
League Of Legends 16 TRY - 400RP,League-Of-Legends-16-TRY-400RP,league-of-legends-16-try-400rp
Steam 25 USD,Steam-25-USD,steam-25-usd
Zalando 50 EUR ES,Zalando-50-EUR-ES,zalando-50-eur-es
Virtual Visa 10 CAD,Virtual-Visa-10-CAD,virtual-visa-10-cad
Americanas-100-BRL,Americanas 100 BRL,americanas-100-brl
Spotify 3 Month CH,Spotify-3-Month-CH,spotify-3-month-ch
Neosurf 100 CHF,Neosurf-100-CHF,neosurf-100-chf
bitnovo 50 EUR,bitnovo-50-EUR,bitnovo-50-eur
Amazon 20 USD,Amazon-20-USD,amazon-20-usd
PSN 10 GBP,PSN-10-GBP,psn-10-gbp
PUBG Mobile Pin 300 + 25 UC,PUBG-Mobile-Pin-300-plus-25-UC,pubg-mobile-pin-300-25-uc
Google Play 100 AUD,Google-Play-100-AUD,google-play-100-aud
Crypto Voucher 100 EUR,Crypto-Voucher-100-EUR,crypto-voucher-100-eur
Xbox-Live-600-MXN,Xbox-Live-600-MXN,xbox-live-600-mxn
Amazon 10 EUR FR,Amazon-10-EUR-FR,amazon-10-eur-fr
Xbox Live 25 GBP,Xbox-Live-25-GBP,xbox-live-25-gbp
eBay 10 AUD,eBay-10-AUD,ebay-10-aud
Neosurf 50 EUR FR,Neosurf-50-EUR-FR,neosurf-50-eur-fr
WeChat 100 CNY,WeChat-100-CNY,wechat-100-cny
Zalando 5 EUR BE,Zalando-5-EUR-BE,zalando-5-eur-be
CASHlib 50 AUD,CASHlib-50-AUD,cashlib-50-aud
iTunes 5 EUR LU,iTunes-5-EUR-LU,itunes-5-eur-lu
PlayStation Plus 365 Days CZ,PlayStation-Plus-365-Days-CZ,playstation-plus-365-days-cz
Playstation Network Card (PSN) 75 EUR (German),Playstation Network Card (PSN) 75 EUR (German),playstation-network-card-psn-75-eur-german
Neosurf 10 EUR,Neosurf-10-EUR,neosurf-10-eur
Xbox Game Pass 1 Month EU,Xbox-Game-Pass-1-Month-EU,xbox-game-pass-1-month-eu
WalletOne 5000 RUB,WalletOne-5000-RUB,walletone-5000-rub
Nintendo 20 CAD,Nintendo-20-CAD,nintendo-20-cad
CASHlib 100 EUR,CASHlib-100-EUR,cashlib-100-eur
Deezer 10 EUR BE,Deezer-10-EUR-BE,deezer-10-eur-be
iTunes 200 PLN,iTunes-200-PLN,itunes-200-pln
Xbox 25 CAD,Xbox-25-CAD,xbox-25-cad
Eneba 50 EUR,Eneba-50-EUR,eneba-50-eur
Virtual Visa 10 USD,Virtual-Visa-10-USD,virtual-visa-10-usd
Origin 10 USD,Origin-10-USD,origin-10-usd
Mint 10 USD,Mint-10-USD,mint-10-usd
Nintendo 3 Months US,Nintendo-3-Months-US,nintendo-3-months-us
Google Play 30 CHF,Google-Play-30-CHF,google-play-30-chf
GameStop 5 USD,GameStop-5-USD,gamestop-5-usd
PSN 1000 RUB RU,PSN-1000-RUB-RU,psn-1000-rub-ru
iTunes 25 CAD,iTunes-25-CAD,itunes-25-cad
CASHlib 50 PLN,CASHlib-50-PLN,cashlib-50-pln
Steam 200 AED,Steam-200-AED,steam-200-aed
OneCard 60 USD,OneCard-60-USD,onecard-60-usd
Zula 70000 Gold,Zula-70000-Gold,zula-70000-gold
iTunes 3000 RUB,iTunes-3000-RUB,itunes-3000-rub
Spotify 30 EUR FR,Spotify-30-EUR-FR,spotify-30-eur-fr
Steam 25 TRY,Steam-25-TRY,steam-25-try
Netflix 60 USD,Netflix-60-USD,netflix-60-usd
iTunes 15 CAD,iTunes-15-CAD,itunes-15-cad
Free Fire 210 Diamonds,Free-Fire-210-Diamonds,free-fire-210-diamonds
League of Legends 50 EUR - EU WEST,League-of-Legends-50-EUR-WEST,league-of-legends-50-eur-eu-west
Steam 25 GBP,Steam-25-GBP,steam-25-gbp
ecoVoucher 10 EUR,ecoVoucher-10-EUR,ecovoucher-10-eur
CashU 100 USD Levant,CashU-100-USD-Levant,cashu-100-usd-levant
Amazon 50 EUR IT,Amazon-50-EUR-IT,amazon-50-eur-it
Netlfix 15 USD,Netlfix-15-USD,netlfix-15-usd
PSN 40 USD OM,PSN-40-USD-OM,psn-40-usd-om
Paysafecard 250 MXN,Paysafecard-250-MXN,paysafecard-250-mxn
Zalando 25 EUR BE,Zalando-25-EUR-BE,zalando-25-eur-be
Xbox 150 HKD,Xbox-150-HKD,xbox-150-hkd
Steam 100 GBP,Steam-100-GBP,steam-100-gbp
Paysafecard 25 CHF,Paysafecard-25-CHF,paysafecard-25-chf
Google Play 25 TRY,Google-Play-25-TRY,google-play-25-try
PlayStation Plus 365 days GR,PlayStation-Plus-365-days-GR,playstation-plus-365-days-gr
iTunes 150 SEK SE,iTunes-150-SEK-SE,itunes-150-sek-se
Xbox Live 12 Months UK,Xbox-Live-12-Months-UK,xbox-live-12-months-uk
Google Play 10 EUR IT,Google-Play-10-EUR-IT,google-play-10-eur-it
AdvCash 5 GBP,AdvCash-5-GBP,advcash-5-gbp
Netflix 15 USD,Netflix-15-USD,netflix-15-usd
GameForge 50 EUR,GameForge-50-EUR,gameforge-50-eur
Transcash 20 EUR,Transcash-20-EUR,transcash-20-eur
League of Legends 25 USD,League-of-Legends-25-USD,league-of-legends-25-usd
Xbox Live 6 Months EU,Xbox-Live-6-Months-EU,xbox-live-6-months-eu
Google Play 25 EUR,Google-Play-25-EUR,google-play-25-eur
Deezer 10 EUR DE,Deezer-10-EUR-DE,deezer-10-eur-de
Spotify 30 EUR BE,Spotify-30-EUR-BE,spotify-30-eur-be
OneCard 10 USD,OneCard-10-USD,onecard-10-usd
PSN 200 HKD,PSN-200-HKD,psn-200-hkd
PSN 50 USD LB,PSN-50-USD-LB,psn-50-usd-lb
eBay 10 USD,eBay-10-USD,ebay-10-usd
PSN 50 EUR ES,PSN-50-EUR-ES,psn-50-eur-es
PlayStation Plus 90 days IT,PlayStation-Plus-90-days-IT,playstation-plus-90-days-it
iTunes 50 CAD,iTunes-50-CAD,itunes-50-cad
oBucks-50-USD,oBucks-50-USD,obucks-50-usd
PSN 60 USD QA,PSN-60-USD-QA,psn-60-usd-qa
AdvCash 2500 KZT,AdvCash-2500-KZT,advcash-2500-kzt
PSN 40 GBP,PSN-40-GBP,psn-40-gbp
Zalando 5 EUR NL,Zalando-5-EUR-NL,zalando-5-eur-nl
Playstation Now 12 Months IT,Playstation-Now-12-Months-IT,playstation-now-12-months-it
Xbox 15 CHF,Xbox-15-CHF,xbox-15-chf
PSN 5 EUR IT,PSN-5-EUR-IT,psn-5-eur-it
Neosurf 150 EUR,Neosurf-150-EUR,neosurf-150-eur
Google Play 10 EUR DE,Google-Play-10-EUR-DE,google-play-10-eur-de
IMVU 50 USD,IMVU-50-USD,imvu-50-usd
PSN 200 SEK SE,PSN-200-SEK-SE,psn-200-sek-se
Paysafecard 100 EUR NL,Paysafecard-100-EUR-NL,paysafecard-100-eur-nl
Nexon Karma Koin 50 EUR,Nexon-Karma-Koin-50-EUR,nexon-karma-koin-50-eur
"EasyCard 53,5","EasyCard-53,5",easycard-535
Amazon 100 USD,Amazon-100-USD,amazon-100-usd
Bol.com Giftcard 5 euro be,Bol.com-Giftcard-5-euro-be,bolcom-giftcard-5-euro-be
iTunes 50 EUR ES,iTunes-50-EUR-ES,itunes-50-eur-es
Prepaid Mastercard 1000 JPY,Prepaid-Mastercard-1000-JPY,prepaid-mastercard-1000-jpy
Steam 70 PLN,Steam-70-PLN,steam-70-pln
Nexon Cash 10.000 EU,Nexon-Cash-10.000-EU,nexon-cash-10000-eu
Steam 1000 TWD,Steam-1000-TWD,steam-1000-twd
Steam 250 TRY,Steam-250-TRY,steam-250-try
NCSOFT 8000 NCoins,NCSOFT-8000-NCoins,ncsoft-8000-ncoins
iTunes 100 SEK SE,iTunes-100-SEK-SE,itunes-100-sek-se
PayPal Giftcard 25 CAD,PayPal-Giftcard-25-CAD,paypal-giftcard-25-cad
Steam 50 GBP,Steam-50-GBP,steam-50-gbp
Flexepin GBP 20,Flexepin-GBP-20,flexepin-gbp-20
Kinguin 3 EUR,Kinguin-3-EUR,kinguin-3-eur
Flexepin GBP 30,Flexepin-GBP-30,flexepin-gbp-30
Amazon 15 EUR ES,Amazon-15-EUR-ES,amazon-15-eur-es
Steam 40 HKD,Steam-40-HKD,steam-40-hkd
PSN 45 GBP,PSN-45-GBP,psn-45-gbp
Uber 25 BRL,Uber-25-BRL,uber-25-brl
Fifa 18 - 4600 FUT Points,Fifa-18-4600-FUT-Points,fifa-18-4600-fut-points
Nintendo 12 Months Switch Online Family,Nintendo-12-Month-Switch-Online-Family,nintendo-12-months-switch-online-family
PlayStation Plus 365 days SE,PlayStation-Plus-365-days-SE,playstation-plus-365-days-se
Skrill Giftcard 25 EUR,Skrill-Giftcard-25-EUR,skrill-giftcard-25-eur
Flexepin CAD 300,Flexepin-CAD-300,flexepin-cad-300
Netflix 50 EUR,Netflix-50-EUR,netflix-50-eur
Netflix 25 USD,Netflix-25-USD,netflix-25-usd
Flexepin AUD 30,Flexepin-AUD-30,flexepin-aud-30
Pandora 3 Months,Pandora-3-Months,pandora-3-months
Spotify 3 Month DK,Spotify-3-Month-DK,spotify-3-month-dk
testImage,testImage,testimage
PlayStation Plus 365 Days SA,PlayStation-Plus-365-Days-SA,playstation-plus-365-days-sa
PSN 50 EUR FR,PSN-50-EUR-FR,psn-50-eur-fr
Xbox Live 1000 MXN,Xbox-Live-1000-MXN,xbox-live-1000-mxn
Nintendo 3000 JPY,Nintendo-3000-JPY,nintendo-3000-jpy
Transcash 50 EUR,Transcash-50-EUR,transcash-50-eur
Nexon Karma Koin 50 USD,Nexon-Karma-Koin-50-USD,nexon-karma-koin-50-usd
Yandex Money 500 RUB,Yandex-Money-500-RUB,yandex-money-500-rub
Yandex Money 1000 RUB,Yandex-Money-1000-RUB,yandex-money-1000-rub
Zalando 50 EUR FI,Zalando-50-EUR-FI,zalando-50-eur-fi
iTunes 10 EUR PT,iTunes-10-EUR-PT,itunes-10-eur-pt
PUBG Mobile Pin 600 + 60 UC,PUBG-Mobile-Pin-600-plus-60-UC,pubg-mobile-pin-600-60-uc
Perx Virtual Mastercard 25 USD,Perx-Virtual-Mastercard-25-USD,perx-virtual-mastercard-25-usd
iTunes 5 EUR AT,iTunes-5-EUR-AT,itunes-5-eur-at
Amazon 10 GBP,Amazon-10-GBP,amazon-10-gbp
Apex Legends - 1000 Apex Coins PC WW,Apex-Legends-1000-Apex-Coins-PC-WW,apex-legends-1000-apex-coins-pc-ww
Eve Online 1100 PLEX,Eve-Online-1100-PLEX,eve-online-1100-plex
Amazon 1000 JPY,Amazon-1000-JPY,amazon-1000-jpy
SoShop.club 20 EUR,SoShop.club-20-EUR,soshopclub-20-eur
Amazon 5000 JPY,Amazon-5000-JPY,amazon-5000-jpy
Google Play 100 USD,Google-Play-100-USD,google-play-100-usd
PSN 50 CHF,PSN-50-CHF,psn-50-chf
iTunes 10000 JPY,iTunes-10000-JPY,itunes-10000-jpy
Paysafecard 25 EUR IT,Paysafecard-25-EUR-IT,paysafecard-25-eur-it
PSN 2500 RUB RU,PSN-2500-RUB-RU,psn-2500-rub-ru
Steam 100 EUR,Steam-100-EUR,steam-100-eur
Prepaid Mastercard 500 HKD,Prepaid-Mastercard-500-HKD,prepaid-mastercard-500-hkd
PSN 15 USD BH,PSN-15-USD-BH,psn-15-usd-bh
Playstation Now 1 Month DE,Playstation-Now-1-Month-DE,playstation-now-1-month-de
Crypto Voucher 100 USD,Crypto-Voucher-100-USD,crypto-voucher-100-usd
Hulu 50 USD,Hulu-50-USD,hulu-50-usd
PSN 100 USD,PSN-100-USD,psn-100-usd
Neosurf 50 AUD,Neosurf-50-AUD,neosurf-50-aud
PSN 50 USD QA,PSN-50-USD-QA,psn-50-usd-qa
Spotify 6 Months UK,Spotify-6-Months-UK,spotify-6-months-uk
PSN 10 USD BH,PSN-10-USD-BH,psn-10-usd-bh
iTunes 10 EUR FR,iTunes-10-EUR-FR,itunes-10-eur-fr
Xbox 25 USD AE,Xbox-25-USD-AE,xbox-25-usd-ae
oBucks 5 USD,oBucks-5-USD,obucks-5-usd
Zalando 1000 NOK,Zalando-1000-NOK,zalando-1000-nok
GameStop 15 USD,GameStop-15-USD,gamestop-15-usd
Paysafecard 50 EUR DE,Paysafecard-50-EUR-DE,paysafecard-50-eur-de
Bitsa 10 EUR,Bitsa-10-EUR,bitsa-10-eur
Xbox Live 6 Months SA,Xbox-Live-6-Months-SA,xbox-live-6-months-sa
AdvCash 1000 RUB,AdvCash-1000-RUB,advcash-1000-rub
Perx Virtual Mastercard 50 USD,Perx-Virtual-Mastercard-50-USD,perx-virtual-mastercard-50-usd
G2A Giftcard 5 USD,G2A-Giftcard-5-USD,g2a-giftcard-5-usd
PlayStation Plus 365 Days IE,PlayStation-Plus-365-Days-IE,playstation-plus-365-days-ie
Skrill Giftcard 5 EUR,Skrill-Giftcard-5-EUR,skrill-giftcard-5-eur
PSN 30 USD AE,PSN-30-USD-AE,psn-30-usd-ae
Steam 10 GBP,Steam-10-GBP,steam-10-gbp
Google Play 5 GBP ,Google-Play-5-GBP,google-play-5-gbp
Prepaid Mastercard 5 EUR,Prepaid-Mastercard-5-EUR,prepaid-mastercard-5-eur
GTA Red Shark Card PS4,GTA-Red-Shark-Card-PS-4,gta-red-shark-card-ps4
League of Legends 5 EUR,League-of-Legends-5-EUR,league-of-legends-5-eur
Facebook 10 EUR,Facebook-10-EUR,facebook-10-eur
Steam 20 AED,Steam-20-AED,steam-20-aed
Amazon 5 GBP,Amazon-5-GBP,amazon-5-gbp
Google Play 50 PLN,Google-Play-50-PLN,google-play-50-pln
PSN 10 EUR FR,PSN-10-EUR-FR,psn-10-eur-fr
Neosurf 500 DKK,Neosurf-500-DKK,neosurf-500-dkk
G2A Giftcard 20 USD,G2A-Giftcard-20-USD,g2a-giftcard-20-usd
Xbox 75 EUR,Xbox-75-EUR,xbox-75-eur
bitnovo 100 EUR,bitnovo-100-EUR,bitnovo-100-eur
Xbox Live 15 GBP,Xbox-Live-15-GBP,xbox-live-15-gbp
Ouibus 15 EUR FR,Ouibus-15-EUR-FR,ouibus-15-eur-fr
Zalando 500 NOK,Zalando-500-NOK,zalando-500-nok
Flexepin GBP 10,Flexepin-GBP-10,flexepin-gbp-10
CASHlib 30 CAD,CASHlib-30-CAD,cashlib-30-cad
Zalando 50 SEK,Zalando-50-SEK,zalando-50-sek
PSN 40 EUR FR,PSN-40-EUR-FR,psn-40-eur-fr
League of Legends 5 EUR - WEST NORTH EAST,League-of-Legends-5-EUR-WEST-NORTH-EAST,league-of-legends-5-eur-west-north-east
bit4coin 25 GBP,bit4coin-25-GBP,bit4coin-25-gbp
Prepaid Mastercard 5 GBP,Prepaid-Mastercard-5-GBP,prepaid-mastercard-5-gbp
PSN 50 USD SA,PSN-50-USD-SA,psn-50-usd-sa
iTunes 5 CHF CH,iTunes-5-CHF-CH,itunes-5-chf-ch
Neosurf 250 NOK,Neosurf-250-NOK,neosurf-250-nok
Neosurf 20 PLN,Neosurf-20-PLN,neosurf-20-pln
Facebook 25 EUR,Facebook-25-EUR,facebook-25-eur
Google 30 BRL,Google-30-BRL,google-30-brl
Jeton 100 EUR,Jeton-100-EUR,jeton-100-eur
PSN 30 EUR AT,PSN-30-EUR-AT,psn-30-eur-at
Xbox 50 USD GCC,Xbox-50-USD-GCC,xbox-50-usd-gcc
Zalando 10 EUR FI,Zalando-10-EUR-FI,zalando-10-eur-fi
Amazon 400 EUR DE,Amazon-400-EUR-DE,amazon-400-eur-de
Spotify 10 EUR FR,Spotify-10-EUR-FR,spotify-10-eur-fr
Google Play 50 EUR,Google-Play-50-EUR,google-play-50-eur
Zalando 10 EUR NL,Zalando-10-EUR-NL,zalando-10-eur-nl
Netflix 100 TRY,Netflix-100-TRY,netflix-100-try
PlayStation Plus 90 Days UK,PlayStation-Plus-90-Days-UK,playstation-plus-90-days-uk
iTunes 150 DKK DK,iTunes-150-DKK-DK,itunes-150-dkk-dk
PSN 50 EUR SK,PSN-50-EUR-SK,psn-50-eur-sk
FIFA 20 PS4 500 points DE,fifa-20-ps4-500-points-de,fifa-20-ps4-500-points-de
iTunes 25 TRY,iTunes-25-TRY,itunes-25-try
Crypto Voucher 500 GBP,Crypto-Voucher-500-GBP,crypto-voucher-500-gbp
Green Man Gaming 10 EUR,Green-Man-Gaming-10-EUR,green-man-gaming-10-eur
Deezer 10 EUR NL,Deezer-10-EUR-NL,deezer-10-eur-nl
Spotify 3 Month PT,Spotify-3-Month-PT,spotify-3-month-pt
Bol.com 10 EUR,Bol.com-10-EUR,bolcom-10-eur
WebMoney 50 EUR,WebMoney-50-EUR,webmoney-50-eur
PlayStation Plus 90 Days RU,PlayStation-Plus-90-Days-RU,playstation-plus-90-days-ru
PlayStation Plus 365 days QA,PlayStation-Plus-365-days-QA,playstation-plus-365-days-qa
Paysafecard 10 EUR BE,Paysafecard-10-EUR-BE,paysafecard-10-eur-be
Xbox 15 USD AE,Xbox-15-USD-AE,xbox-15-usd-ae
Flexepin EUR 30,Flexepin-EUR-30,flexepin-eur-30
Amazon 300 EUR DE,Amazon-300-EUR-DE,amazon-300-eur-de
GTA Great White Shark Card PS4,GTA-Great-White-Shark-Card-PS-4,gta-great-white-shark-card-ps4
Neosurf 50 EUR,Neosurf-50-EUR,neosurf-50-eur
River Island 50 GBP,River-Island-50-GBP,river-island-50-gbp
FIFA 20 PS4 4600 points DE,fifa-20-ps4-4600-points-de,fifa-20-ps4-4600-points-de
Xbox Live 48 Hours,Xbox-Live-48-Hours,xbox-live-48-hours
SoShop.club 150 EUR,SoShop.club-150-EUR,soshopclub-150-eur
Origin 50 PLN,Origin-50-PLN,origin-50-pln
Ticket Premium 50 EUR,Ticket-Premium-50-EUR,ticket-premium-50-eur
Prepaid Mastercard 50 GBP,Prepaid-Mastercard-50-GBP,prepaid-mastercard-50-gbp
Steam 50 HKD,Steam-50-HKD,steam-50-hkd
Neosurf 10 AUD,Neosurf-10-AUD,neosurf-10-aud
PSN 70 USD QA,PSN-70-USD-QA,psn-70-usd-qa
PSN 50 AUD,PSN-50-AUD,psn-50-aud
CashU 30 USD NAC,CashU-30-USD-NAC,cashu-30-usd-nac
Paysafecard 50 EUR ES,Paysafecard-50-EUR-ES,paysafecard-50-eur-es
Mobi 15 DE,Mobi-15-DE,mobi-15-de
PayPal Giftcard 25 USD,PayPal-Giftcard-25-USD,paypal-giftcard-25-usd
Zalando 500 DKK,Zalando-500-DKK,zalando-500-dkk
Amazon 500 AED,Amazon-500-AED,amazon-500-aed
Origin 30 EUR,Origin-30-EUR,origin-30-eur
Xbox 50 AUD,Xbox-50-AUD,xbox-50-aud
Crypto Voucher 50 USD,Crypto-Voucher-50-USD,crypto-voucher-50-usd
Razer Gold 10 USD,Razer-Gold-10-USD,razer-gold-10-usd
PlayStation Plus 365 Days UK,PlayStation-Plus-365-Days-UK,playstation-plus-365-days-uk
PSN 80 GBP,PSN-80-GBP,psn-80-gbp
Google Play 10 EUR FR,Google-Play-10-EUR-FR,google-play-10-eur-fr
Prepaid Mastercard 2500 JPY,Prepaid-Mastercard-2500-JPY,prepaid-mastercard-2500-jpy
Skype 25 AUD,Skype-25-AUD,skype-25-aud
Xbox 300 SAR SA,Xbox-300-SAR-SA,xbox-300-sar-sa
PSN 70 USD AE,PSN-70-USD-AE,psn-70-usd-ae
QQ 1000 CNY,QQ-1000-CNY,qq-1000-cny
PSN 5 CHF,PSN-5-CHF,psn-5-chf
Amazon 100 EUR IT,Amazon-100-EUR-IT,amazon-100-eur-it
Google Play 500 AED,Google-500-AED,google-play-500-aed
ArcheAge 750 credits,ArcheAge-750-credits,archeage-750-credits
PSN 20 EUR IT,PSN-20-EUR-IT,psn-20-eur-it
Prepaid Mastercard 15 GBP,Prepaid-Mastercard-15-GBP,prepaid-mastercard-15-gbp
Neosurf 500 SEK,Neosurf-500-SEK,neosurf-500-sek
Spotify 3 Month ES,Spotify 3 Month ES,spotify-3-month-es
Xbox Live 3 Months SA,Xbox-Live-3-Months-SA,xbox-live-3-months-sa
CASHlib 20 PLN,CASHlib-20-PLN,cashlib-20-pln
bitnovo 10 EUR,bitnovo-10-EUR,bitnovo-10-eur
AdvCash 100 UAH,AdvCash-100-UAH,advcash-100-uah
Razer Gold 25 USD,Razer-Gold-25-USD,razer-gold-25-usd
FIFA 20 PS4 1050 points DE,fifa-20-ps4-1050-points-de,fifa-20-ps4-1050-points-de
Zalando 100 EUR NL,Zalando-100-EUR-NL,zalando-100-eur-nl
World of Warships 20 USD,World-of-Warships-20-USD,world-of-warships-20-usd
Paysafecard 100 EUR DE,Paysafecard-100-EUR-DE,paysafecard-100-eur-de
OneCard 100 USD,OneCard-100-USD,onecard-100-usd
PSN 1000 CZ,PSN-1000-CZK-CZ,psn-1000-cz
Deezer 30 EUR FR,Deezer-30-EUR-FR,deezer-30-eur-fr
Paysafecard 500 AED,Paysafecard-500-AED,paysafecard-500-aed
iTunes 50 EUR IE,iTunes-50-EUR-IE,itunes-50-eur-ie
League of Legends 10 EUR - EU WEST,League-of-Legends-10-EUR-WEST-NORTH-EAS,league-of-legends-10-eur-eu-west
Paysafecard 30 PLN,Paysafecard-30-PLN,paysafecard-30-pln
PlayStation Plus 365 Days AE,PlayStation-Plus-365-Days-AE,playstation-plus-365-days-ae
Bol.com Giftcard 100 euro nl,Bol.com-Giftcard-100-euro-nl,bolcom-giftcard-100-euro-nl
Prepaid Mastercard 50 EUR,Prepaid-Mastercard-50-EUR,prepaid-mastercard-50-eur
PSN 50 USD BH,PSN-50-USD-BH,psn-50-usd-bh
CashU 10 USD Levant,CashU-10-USD-Levant,cashu-10-usd-levant
PSN 75 EUR DE,PSN-75-EUR-DE,psn-75-eur-de
PSN 5 USD QA,PSN-5-USD-QA,psn-5-usd-qa
AliPay 250 CNY,AliPay-250-CNY,alipay-250-cny
PSN 200 DKK,PSN-200-DKK,psn-200-dkk
League of Legends 200 MXN,League-of-Legends-200-MXN,league-of-legends-200-mxn
River Island 10 GBP,River-Island-10-GBP,river-island-10-gbp
Deezer 60 EUR FR,Deezer-60-EUR-FR,deezer-60-eur-fr
Prepaid Mastercard 25 GBP,Prepaid-Mastercard-25-GBP,prepaid-mastercard-25-gbp
AdvCash 5000 KZT,AdvCash-5000-KZT,advcash-5000-kzt
Spotify 6 Month GR,Spotify-6-Month-GR,spotify-6-month-gr
Nintendo eShop 50 EUR,Nintendo-eShop-50-EUR,nintendo-eshop-50-eur
iTunes 1000 MXN,iTunes-1000-MXN,itunes-1000-mxn
Paysafecard 100 EUR ES,Paysafecard-100-EUR-ES,paysafecard-100-eur-es
Neosurf 100 AUD,Neosurf-100-AUD,neosurf-100-aud
Neosurf 200 GBP,Neosurf-200-GBP,neosurf-200-gbp
Origin 20 USD,Origin-20-USD,origin-20-usd
Pandora 6 Months,Pandora-6-Months,pandora-6-months
SoShop.club 250 EUR,SoShop.club-250-EUR,soshopclub-250-eur
Neosurf 50 GBP,Neosurf-50-GBP,neosurf-50-gbp
PSN 250 RON,PSN-250-RON,psn-250-ron
Virgin e voucher Pay As You Go GBP20,Virgin-e-voucher-Pay-As-You-Go-GBP20,virgin-e-voucher-pay-as-you-go-gbp20
NCSOFT 1600 NCoins,NCSOFT-1600-NCoins,ncsoft-1600-ncoins
Eve Online 240 PLEX,Eve-Online-240-PLEX,eve-online-240-plex
Spotify 3 months AU,Spotify-3-months-AU,spotify-3-months-au
PlayStation Plus 365 days PT,PlayStation-Plus-365-days-PT,playstation-plus-365-days-pt
Spotify 6 Month LT,Spotify-6-Month-LT,spotify-6-month-lt
League of Legends 80 PLN,League-Of-Legends-80-PLN,league-of-legends-80-pln
Amazon 5 EUR NL,Amazon-5-EUR-NL,amazon-5-eur-nl
PSN 35 EUR DE,PSN-35-EUR-DE,psn-35-eur-de
Bitsa 100 EUR,Bitsa-100-EUR,bitsa-100-eur
Nintendo eShop 10 USD,Nintendo-eShop-10-USD,nintendo-eshop-10-usd
PlayStation Plus 90 Days DK,PlayStation-Plus-90-Days-DK,playstation-plus-90-days-dk
Zalando 100 EUR BE,Zalando-100-EUR-BE,zalando-100-eur-be
iTunes 5 EUR DE,iTunes-5-EUR-DE,itunes-5-eur-de
PSN 25 EUR FR,PSN-25-EUR-FR,psn-25-eur-fr
PSN 5 USD OM,PSN-5-USD-OM,psn-5-usd-om
Xbox 100 AUD,Xbox-100-AUD,xbox-100-aud
CashU 50 USD Levant,CashU-50-USD-Levant,cashu-50-usd-levant
PlayStation Plus 90 Days OM,PlayStation-Plus-90-Days-OM,playstation-plus-90-days-om
Neosurf 15 GBP,Neosurf-15-GBP,neosurf-15-gbp
Paysafecard 50 EUR FR,Paysafecard-50-EUR-FR,paysafecard-50-eur-fr
Virtual Visa 10 AUD,Virtual-Visa-10-AUD,virtual-visa-10-aud
"1720 Minecoins","1720-Minecoins","1720-minecoins"
AdvCash 50 GBP,AdvCash-50-GBP,advcash-50-gbp
Xbox 50 CHF,Xbox-50-CHF,xbox-50-chf
Zalando 50 DKK,Zalando-50-DKK,zalando-50-dkk
Nintendo 250 PLN,Nintendo-250-PLN,nintendo-250-pln
PlayStation Plus 365 days AU,PlayStation-Plus-365-days-AU,playstation-plus-365-days-au
Crypto Voucher 200 EUR,Crypto-Voucher-200-EUR,crypto-voucher-200-eur
PSN 10 EUR IT,PSN-10-EUR-IT,psn-10-eur-it
Flexepin EUR 20,Flexepin-EUR-20,flexepin-eur-20
PayPal Giftcard 5 EUR,PayPal-Giftcard-5-EUR,paypal-giftcard-5-eur
Neosurf 1500 SEK,Neosurf-1500-SEK,neosurf-1500-sek
Flexepin AUD 300,Flexepin-AUD-300,flexepin-aud-300
iTunes 50 NOK NO,iTunes-50-NOK-NO,itunes-50-nok-no
iTunes 25 EUR DE,iTunes-25-EUR-DE,itunes-25-eur-de
PSN 35 EUR ES,PSN-35-EUR-ES,psn-35-eur-es
Apex Legends - 4350 Apex Coins PC WW,Apex-Legends-4350-Apex-Coins-PC-WW,apex-legends-4350-apex-coins-pc-ww
iTunes 10 EUR IT,iTunes-10-EUR-IT,itunes-10-eur-it
Playstation Now 3 Months UK,Playstation-Now-3-Months-GB,playstation-now-3-months-uk
iTunes 15 EUR AT,iTunes-15-EUR-AT,itunes-15-eur-at
League of Legends 20 EUR,League-of-Legends-20-EUR,league-of-legends-20-eur
PayPal Giftcard 25 AUD,PayPal-Giftcard-25-AUD,paypal-giftcard-25-aud
Xbox 15 CAD,Xbox-15-CAD,xbox-15-cad
CASHlib 5 EUR,CASHlib-5-EUR,cashlib-5-eur
PSN 25 EUR AT,PSN-25-EUR-AT,psn-25-eur-at
CashU 30 USD GCC,CashU-30-USD-GCC,cashu-30-usd-gcc
Flexepin AUD 50,Flexepin-AUD-50,flexepin-aud-50
Nintendo 500 MXN,Nintendo-500-MXN,nintendo-500-mxn
Zalando 100 EUR FI,Zalando-100-EUR-FI,zalando-100-eur-fi
OPSkins 25 USD,OPSkins-25-USD,opskins-25-usd
Paysafecard 25 EUR BE,Paysafecard-25-EUR-BE,paysafecard-25-eur-be
bit4coin 100 USD,bit4coin-100-USD,bit4coin-100-usd
Xbox Live 25 USD,Xbox-Live-25-USD,xbox-live-25-usd
PSN 10 USD AE,PSN-10-USD-AE,psn-10-usd-ae
AdvCash 100 BRL,AdvCash-100-BRL,advcash-100-brl
Amazon 15 EUR FR,Amazon-15-EUR-FR,amazon-15-eur-fr
Steam 20 EUR,Steam-20-EUR,steam-20-eur
iTunes 15 EUR PT,iTunes-15-EUR-PT,itunes-15-eur-pt
Prepaid Mastercard 5 AUD,Prepaid-Mastercard-5-AUD,prepaid-mastercard-5-aud
Rixty 20 USD,Rixty-20-USD,rixty-20-usd
Minecraft 20 EUR,Minecraft-20-EUR,minecraft-20-eur
Google 100 BRL,Google-100-BRL,google-100-brl
Xbox Live 10 GBP,Xbox-Live-10-GBP,xbox-live-10-gbp
Bol.com 20 EUR,Bol.com-20-EUR,bolcom-20-eur
bit4coin 50 EUR,bit4coin-50-EUR,bit4coin-50-eur
Battlenet 150 MXN,Battlenet-150-MXN,battlenet-150-mxn
Amazon 25 EUR IT,Amazon-25-EUR-IT,amazon-25-eur-it
EA Origin Cash Card 30 EUR,EA-Origin-Cash-Card-30-EUR,ea-origin-cash-card-30-eur
Mint 20 USD,Mint-20-USD,mint-20-usd
oBucks 25 USD,oBucks-25-USD,obucks-25-usd
Paysafecard 25 GBP,Paysafecard-25-GBP,paysafecard-25-gbp
Amazon 25 EUR DE,Amazon-25-EUR-DE,amazon-25-eur-de
Americanas 30 BRL,Americanas-30-BRL,americanas-30-brl
iTunes 5 EUR BE,iTunes-5-EUR-BE,itunes-5-eur-be
iTunes 500 NOK NO,iTunes-500-NOK-NO,itunes-500-nok-no
bit4coin 100 GBP,bit4coin-100-GBP,bit4coin-100-gbp
Xbox Live 15 USD,Xbox-Live-15-USD,xbox-live-15-usd
PSN 1000 MXN,PSN-1000-MXN,psn-1000-mxn
Free Fire 530 Diamonds,Free-Fire-530-Diamonds,free-fire-530-diamonds
PSN 10 USD LB,PSN-10-USD-LB,psn-10-usd-lb
PayPal Giftcard 10 CAD,PayPal-Giftcard-10-CAD,paypal-giftcard-10-cad
Origin 100 PLN,Origin-100-PLN,origin-100-pln
iTunes 50 PLN,iTunes-50-PLN,itunes-50-pln
PSN 50 EUR IT,PSN-50-EUR-IT,psn-50-eur-it
SoShop.club 50 EUR,SoShop.club-50-EUR,soshopclub-50-eur
iTunes 1500 RUB,iTunes-1500-RUB,itunes-1500-rub
iTunes 15 EUR NL,iTunes-15-EUR-NL,itunes-15-eur-nl
PSN 500 IN,PSN-500-INR-IN,psn-500-in
Facebook 10 USD,Facebook-10-USD,facebook-10-usd
Steam 50 EUR,Steam-50-EUR,steam-50-eur
iTunes 15 GBP,iTunes-15-GBP,itunes-15-gbp
Perx Virtual Mastercard 100 EUR,Perx-Virtual-Mastercard-100-EUR,perx-virtual-mastercard-100-eur
Prepaid Mastercard 5000 JPY,Prepaid-Mastercard-5000-JPY,prepaid-mastercard-5000-jpy
Perx Virtual Mastercard 10 GBP,Perx-Virtual-Mastercard-10-GBP,perx-virtual-mastercard-10-gbp
Amazon 5 EUR DE,Amazon-5-EUR-DE,amazon-5-eur-de
PSN 5 EUR BE,PSN-5-EUR-BE,psn-5-eur-be
Zalando 5 EUR FI,Zalando-5-EUR-FI,zalando-5-eur-fi
iTunes 50 SAR,iTunes-50-SAR,itunes-50-sar
iTunes 15 EUR IT,iTunes-15-EUR-IT,itunes-15-eur-it
Amazon 25 GBP,Amazon-25-GBP,amazon-25-gbp
Paysafecard 30 EUR DE,Paysafecard-30-EUR-DE,paysafecard-30-eur-de
PSN 15 CHF,PSN-15-CHF,psn-15-chf
PSN 10 USD OM,PSN-10-USD-OM,psn-10-usd-om
Zalando 100 SEK,Zalando-100-SEK,zalando-100-sek
Spotify 1 Month PT,Spotify-1-Month-PT,spotify-1-month-pt
Nintendo 200 MXN,Nintendo-200-MXN,nintendo-200-mxn
iTunes 100 NOK NO,iTunes-100-NOK-NO,itunes-100-nok-no
Skype 100 MXN,Skype-100-MXN,skype-100-mxn
PCS 20 EUR,PCS-20-EUR,pcs-20-eur
PSN 40 CHF,PSN-40-CHF,psn-40-chf
iTunes 50 EUR PT,iTunes-50-EUR-PT,itunes-50-eur-pt
Amazon 50 GBP,Amazon-50-GBP,amazon-50-gbp
"3500 Minecoins","3500-Minecoins","3500-minecoins"
Fifa 18 - 12000 FUT Points,Fifa-18-12000-FUT-Points,fifa-18-12000-fut-points
PSN 20 EUR GR,PSN-20-EUR-GR,psn-20-eur-gr
PSN 20 EUR NL,PSN-20-EUR-NL,psn-20-eur-nl
Star Wars The Old Republic 60 days,Star-Wars-The-Old-Republic-60-days,star-wars-the-old-republic-60-days
PSN 35 GBP,PSN-35-GBP,psn-35-gbp
iTunes 50 EUR DE,iTunes-50-EUR-DE,itunes-50-eur-de
Flexepin CAD 100,Flexepin-CAD-100,flexepin-cad-100
Playstation Now 1 Month UK,Playstation-Now-1-Month-GB,playstation-now-1-month-uk
Google Play 15 EUR,Google-Play-15-EUR,google-play-15-eur
bitnovo 25 EUR,bitnovo-25-EUR,bitnovo-25-eur
Neosurf 250 SEK,Neosurf-250-SEK,neosurf-250-sek
Playstation Now 3 Months ES,Playstation-Now-3-Months-ES,playstation-now-3-months-es
Google Play 15 USD,Google-Play-15-USD,google-play-15-usd
Steam 1500 TWD,Steam-1500-TWD,steam-1500-twd
Xbox Game Pass 1 Month UK,Xbox-Game-Pass-1-Month-UK,xbox-game-pass-1-month-uk
Flexepin CAD 20,Flexepin-CAD-20,flexepin-cad-20
Amazon 250 AED,Amazon-250-AED,amazon-250-aed
Amazon 1000 INR,Amazon-1000-INR,amazon-1000-inr
PSN 50 EUR PT,PSN-50-EUR-PT,psn-50-eur-pt
iTunes 100 AUD,iTunes-100-AUD,itunes-100-aud
Neosurf 50 CHF,Neosurf-50-CHF,neosurf-50-chf
Amazon 250 EUR DE,Amazon-250-EUR-DE,amazon-250-eur-de
PlayStation Plus 90 Days BE,PlayStation-Plus-90-Days-BE,playstation-plus-90-days-be
Zula 5850 Gold,Zula-5850-Gold,zula-5850-gold
Transcash 150 EUR,Transcash-150-EUR,transcash-150-eur
Microsoft 50 EUR,Microsoft-50-EUR,microsoft-50-eur
PayPal Giftcard 50 USD,PayPal-Giftcard-50-USD,paypal-giftcard-50-usd
PSN 100 PLN PL,PSN-100-PLN-PL,psn-100-pln-pl
PlayStation Plus 90 Days SA,PlayStation-Plus-90-Days-SA,playstation-plus-90-days-sa
PSN 400 NOK,PSN-400-NOK,psn-400-nok
"Toneo First 7,50 EUR","Toneo-First-7,50-EUR",toneo-first-750-eur
League of Legends 40 PLN,League-Of-Legends-40-PLN,league-of-legends-40-pln
Amazon 200 EUR DE,Amazon-200-EUR-DE,amazon-200-eur-de
Netflix 250 NOK,Netflix-250-NOK,netflix-250-nok
Xbox 100 TRY,Xbox-100-TRY,xbox-100-try
Apex Legends - 2150 Apex Coins PC WW,Apex-Legends-2150-Apex-Coins-PC-WW,apex-legends-2150-apex-coins-pc-ww
Zalando 10 EUR IT,Zalando-10-EUR-IT,zalando-10-eur-it
PayPal Giftcard 10 GBP,PayPal-Giftcard-10-GBP,paypal-giftcard-10-gbp
Google Play 50 TRY,Google-Play-50-TRY,google-play-50-try
PSN 20 USD LB,PSN-20-USD-LB,psn-20-usd-lb
iTunes 100 USD,iTunes-100-USD,itunes-100-usd
Apex Legends - 11500 Apex Coins PC WW,Apex-Legends-11500-Apex-Coins-PC-WW,apex-legends-11500-apex-coins-pc-ww
Deezer 30 EUR BE,Deezer-30-EUR-BE,deezer-30-eur-be
Bol.com Giftcard 10 euro be,Bol.com-Giftcard-10-euro-be,bolcom-giftcard-10-euro-be
CashU 10 USD ROW,CashU-10-USD-ROW,cashu-10-usd-row
Zalando 5 EUR FR,Zalando-5-EUR-FR,zalando-5-eur-fr
Virtual Visa 100 USD,Virtual-Visa-100-USD,virtual-visa-100-usd
Prepaid Mastercard 100 EUR,Prepaid-Mastercard-100-EUR,prepaid-mastercard-100-eur
Playstation Now 12 Months CH,Playstation-Now-12-Months-CH,playstation-now-12-months-ch
Paysafecard 15 EUR DE,Paysafecard-15-EUR-DE,paysafecard-15-eur-de
PSN 5 USD SA,PSN-5-USD-SA,psn-5-usd-sa
Steam 10 EUR,Steam-10-EUR,steam-10-eur
Playstation Now 3 Months DE,Playstation-Now-3-Months-DE,playstation-now-3-months-de
Hulu 25 USD,Hulu-25-USD,hulu-25-usd
CASHlib 100 AUD,CASHlib-100-AUD,cashlib-100-aud
Steam 150 TWD,Steam-150-TWD,steam-150-twd
PSN 40 EUR AT,PSN-40-EUR-AT,psn-40-eur-at
NCSOFT 400 NCoins,NCSOFT-400-NCoins,ncsoft-400-ncoins
Spotify 1 Month LT,Spotify-1-Month-LT,spotify-1-month-lt
PCS 150 EUR,PCS-150-EUR,pcs-150-eur
Google Play 5 EUR FR,Google-Play-5-EUR-FR,google-play-5-eur-fr
Steam 30 USD,Steam-30-USD,steam-30-usd
eBay 25 USD,eBay-25-USD,ebay-25-usd
Flexepin AUD 20,Flexepin-AUD-20,flexepin-aud-20
GTA Whale Shark Card PS4,GTA-Whale-Shark-Card-PS-4,gta-whale-shark-card-ps4
League of Legends 500 MXN,League-of-Legends-500-MXN,league-of-legends-500-mxn
Virtual Visa 25 USD,Virtual-Visa-25-USD,virtual-visa-25-usd
Neosurf 500 PLN,Neosurf-500-PLN,neosurf-500-pln
PSN 5500 RUB RU,PSN-5500-RUB-RU,psn-5500-rub-ru
Neosurf 15 CHF,Neosurf-15-CHF,neosurf-15-chf
PSN 100 BRL BR,PSN-100-BRL-BR,psn-100-brl-br
Prepaid Mastercard 25 USD,Prepaid-Mastercard-25-USD,prepaid-mastercard-25-usd
Steam 25 EUR,Steam-25-EUR,steam-25-eur
Spotify 1 Month UK,Spotify-1-Month-UK,spotify-1-month-uk
Paysafecard 200 PLN,Paysafecard-200-PLN,paysafecard-200-pln
Zalando 250 SEK,Zalando-250-SEK,zalando-250-sek
iTunes 10 GBP,iTunes-10-GBP,itunes-10-gbp
iTunes 250 NOK NO,iTunes-250-NOK-NO,itunes-250-nok-no
Google Play 400 SAR,Google-Play-400-SAR,google-play-400-sar
FIFA 20 - 10 USD - 1050 FUT Points,Fifa-20-10-USD-1050-FUT-Points,fifa-20-10-usd-1050-fut-points
CASHlib 10 AUD,CASHlib-10-AUD,cashlib-10-aud
Spotify 1 Month DK,Spotify-1-Month-DK,spotify-1-month-dk
iTunes 100 EUR NL,iTunes-100-EUR-NL,itunes-100-eur-nl
Amazon 1000 MXN,Amazon-1000-MXN,amazon-1000-mxn
OPSkins 5 USD,OPSkins-5-USD,opskins-5-usd
Google Play 100 EUR,Google-Play-100-EUR,google-play-100-eur
ecoVoucher 5 EUR,ecoVoucher-5-EUR,ecovoucher-5-eur
ecoVoucher 15 EUR,ecoVoucher-15-EUR,ecovoucher-15-eur
Crypto Voucher 500 USD,Crypto-Voucher-500-USD,crypto-voucher-500-usd
Spotify 10 USD,Spotify-10-USD,spotify-10-usd
Empik 100 PLN,Empik-100-PLN,empik-100-pln
PSN 10 EUR BE,PSN-10-EUR-BE,psn-10-eur-be
Xbox Live 12 Months,Xbox-Live-12-Months,xbox-live-12-months
Spotify-3-Month-BR,Spotify-3-Month-BR,spotify-3-month-br
Spotify 6 Month CH,Spotify-6-Month-CH,spotify-6-month-ch
Xbox Live 70 PLN PL,Xbox-Live-70-PLN-PL,xbox-live-70-pln-pl
Paysafecard 100 PLN,Paysafecard-100-PLN,paysafecard-100-pln
PlayStation Plus 365 Days RU,PlayStation-Plus-365-Days-RU,playstation-plus-365-days-ru
Battle.net 50 EUR,Battle.net-50-EUR,battlenet-50-eur
PlayStation Plus 90 days FI,PlayStation-Plus-90-days-FI,playstation-plus-90-days-fi
Spotify 6 Month ES,Spotify-6-Month-ES,spotify-6-month-es
League of Legends 10 USD,League-of-Legends-10-USD,league-of-legends-10-usd
Amazon 500 INR,Amazon-500-INR,amazon-500-inr
Deezer 10 EUR FR,Deezer-10-EUR-FR,deezer-10-eur-fr
Facebook 20 GBP,Facebook-20-GBP,facebook-20-gbp
iTunes 500 SEK SE,iTunes-500-SEK-SE,itunes-500-sek-se
Amazon 10 EUR DE,Amazon-10-EUR-DE,amazon-10-eur-de
PSN 30 USD OM,PSN-30-USD-OM,psn-30-usd-om
League of Legends 9 GBP,League-of-Legends-9-GBP,league-of-legends-9-gbp
GTA Bull Shark Card PS4,GTA-Bull-Shark-Card-PS-4,gta-bull-shark-card-ps4
Netflix 80 PLN,Netflix-80-PLN,netflix-80-pln
League Of Legends 96 TRY,League-Of-Legends-96-TRY,league-of-legends-96-try
PayPal Giftcard 50 AUD,PayPal-Giftcard-50-AUD,paypal-giftcard-50-aud
iTunes 10 CHF CH,iTunes-10-CHF-CH,itunes-10-chf-ch
PlayStation Plus 365 Days NL,PlayStation-Plus-365-Days-NL,playstation-plus-365-days-nl
Qiwi 5000 RUB,Qiwi-5000-RUB,qiwi-5000-rub
Xbox 50 TRY,Xbox-50-TRY,xbox-50-try
Rixty 50 USD,Rixty-50-USD,rixty-50-usd
Neosurf 10 EUR FR,Neosurf-10-EUR-FR,neosurf-10-eur-fr
NCSOFT 800 NCoins WW,NCSOFT-800-NCoins-WW,ncsoft-800-ncoins-ww
PSN 40 EUR DE,PSN-40-EUR-DE,psn-40-eur-de
PayPal Giftcard 5 CAD,PayPal-Giftcard-5-CAD,paypal-giftcard-5-cad
PayPal Giftcard 50 EUR,PayPal-Giftcard-50-EUR,paypal-giftcard-50-eur
PSN 20 EUR DE,PSN-20-EUR-DE,psn-20-eur-de
iTunes 50 EUR BE,iTunes-50-EUR-BE,itunes-50-eur-be
Zalando 5 EUR IT,Zalando-5-EUR-IT,zalando-5-eur-it
PSN 1000 IN,PSN-1000-INR-IN,psn-1000-in
LotRO 20 EUR,LotRO-20-EUR,lotro-20-eur
Kinguin 15 EUR,Kinguin-15-EUR,kinguin-15-eur
PlayStation Plus 365 days IT,PlayStation-Plus-365-days-IT,playstation-plus-365-days-it
PSN 75 EUR DE,Playstation-Network-Card-PSN-75-EUR-German,psn-75-eur-de-1576833257107-2767
Transcash 200 EUR,Transcash-200-EUR,transcash-200-eur
PayPal Giftcard 10 AUD,PayPal-Giftcard-10-AUD,paypal-giftcard-10-aud
iTunes 15 EUR IE,iTunes-15-EUR-IE,itunes-15-eur-ie
PSN 75 EUR ES,PSN-75-EUR-ES,psn-75-eur-es
PSN 10 USD QA,PSN-10-USD-QA,psn-10-usd-qa
Amazon 10 EUR IT,Amazon-10-EUR-IT,amazon-10-eur-it
Google Play 150 PLN,Google-Play-150-PLN,google-play-150-pln
Amazon 2500 INR,Amazon-2500-INR,amazon-2500-inr
Zalando 25 EUR IT,Zalando-25-EUR-IT,zalando-25-eur-it
iTunes 25 EUR FI,iTunes-25-EUR-FI,itunes-25-eur-fi
Deezer 60 EUR BE,Deezer-60-EUR-BE,deezer-60-eur-be
PSN 15 USD OM,PSN-15-USD-OM,psn-15-usd-om
Amazon 2500 JPY,Amazon-2500-JPY,amazon-2500-jpy
AdvCash 500 RUB,AdvCash-500-RUB,advcash-500-rub
iTunes 5 GBP,iTunes-5-GBP,itunes-5-gbp
Amazon 50 CAD,Amazon-50-CAD,amazon-50-cad
Origin 15 EUR DE,Origin-15-EUR-DE,origin-15-eur-de
Perx Virtual Mastercard 10 EUR,Perx-Virtual-Mastercard-10-EUR,perx-virtual-mastercard-10-eur
Yandex Money 10000 RUB,Yandex-Money-10000-RUB,yandex-money-10000-rub
PSN 15 EUR FR,PSN-15-EUR-FR,psn-15-eur-fr
Mint 50 USD,Mint-50-USD,mint-50-usd
GameStop 10 USD,GameStop-10-USD,gamestop-10-usd
Transcash 250 EUR,Transcash-250-EUR,transcash-250-eur
Google Play 25 CHF,Google-Play-25-CHF,google-play-25-chf
"",,
Spotify 6 Month IT,Spotify-6-Month-IT,spotify-6-month-it
Crypto Voucher 500 EUR,Crypto-Voucher-500-EUR,crypto-voucher-500-eur
FIFA 17 - 2200 FUT Points,FIFA-17-2200-FUT-Points,fifa-17-2200-fut-points
Bol.com 50 EUR,Bol.com-50-EUR,bolcom-50-eur
APEX Legends 4350 Coins PSN DE,APEX-Legends-4350-Coins-PSN-DE,apex-legends-4350-coins-psn-de
Google Play 50 AED,Google-50-AED,google-play-50-aed
iTunes 15 EUR FR,iTunes-15-EUR-FR,itunes-15-eur-fr
Origin 40 EUR DE,Origin-40-EUR-DE,origin-40-eur-de
PSN 20 USD BH,PSN-20-USD-BH,psn-20-usd-bh
Neosurf 100 NOK,Neosurf-100-NOK,neosurf-100-nok
Crypto Voucher 25 USD,Crypto-Voucher-25-USD,crypto-voucher-25-usd
Xbox Live 5 GBP,Xbox-Live-5-GBP,xbox-live-5-gbp
iTunes 25 EUR PT,iTunes-25-EUR-PT,itunes-25-eur-pt
Amazon 5 EUR FR,Amazon-5-EUR-FR,amazon-5-eur-fr
Steam 50 TRY,Steam-50-TRY,steam-50-try
Zalando 1000 PLN,Zalando-1000-PLN,zalando-1000-pln
PSN 20 EUR PT,PSN-20-EUR-PT,psn-20-eur-pt
iTunes 500 DKK DK,iTunes-500-DKK-DK,itunes-500-dkk-dk
Spotify 1 Month ES,Spotify-1-Month-ES,spotify-1-month-es
iTunes 25 EUR ES,iTunes-25-EUR-ES,itunes-25-eur-es
AdvCash 2500 RUB,AdvCash-2500-RUB,advcash-2500-rub
eBay 50 AUD,eBay-50-AUD,ebay-50-aud
Prepaid Mastercard 50 AUD,Prepaid-Mastercard-50-AUD,prepaid-mastercard-50-aud
PSN 20 CHF,PSN-20-CHF,psn-20-chf
Prepaid Mastercard 3 EUR,Prepaid-Mastercard-3-EUR,prepaid-mastercard-3-eur
PSN 5 EUR FR,PSN-5-EUR-FR,psn-5-eur-fr
Netflix-100-AED,Netflix-100-AED,netflix-100-aed
PayPal Giftcard 5 GBP,PayPal-Giftcard-5-GBP,paypal-giftcard-5-gbp
G2A 50 EUR,G2A-50-EUR,g2a-50-eur
League Of Legends 216 TRY - 6450RP,League-Of-Legends-216-TRY-6450RP,league-of-legends-216-try-6450rp
Spotify 3 Month FI,Spotify-3-Month-FI,spotify-3-month-fi
Eneba 5 EUR,Eneba-5-EUR,eneba-5-eur
PSN 10 EUR DE,PSN-10-EUR-DE,psn-10-eur-de
G2A Giftcard 10 GBP,G2A-Giftcard-10-GBP,g2a-giftcard-10-gbp
FIFA 20 PS4 1600 points DE,fifa-20-ps4-1600-points-de,fifa-20-ps4-1600-points-de
Facebook 5 USD,Facebook-5-USD,facebook-5-usd
Facebook 25 USD,Facebook-25-USD,facebook-25-usd
Roblox 20 EUR,Roblox-20-EUR,roblox-20-eur
PSN-3000-JPY,PSN-3000-JPY,psn-3000-jpy
CDA Premium 1 Month PL,CDA-Premium-1-Month-PL,cda-premium-1-month-pl
PSN 20 EUR FI,PSN-20-EUR-FI,psn-20-eur-fi
PlayStation Plus 90 days PL,PlayStation-Plus-90-days-PL,playstation-plus-90-days-pl
Bol.com Giftcard 50 euro be,Bol.com-Giftcard-50-euro-be,bolcom-giftcard-50-euro-be
iTunes 5 EUR NL,iTunes-5-EUR-NL,itunes-5-eur-nl
Steam 60 USD,Steam-60-USD,steam-60-usd
PSN 35 EUR AT,PSN-35-EUR-AT,psn-35-eur-at
Xbox Live 20 PLN PL,Xbox-Live-20-PLN-PL,xbox-live-20-pln-pl
PSN 20 EUR IE,PSN-20-EUR-IE,psn-20-eur-ie
Zalando 50 NOK,Zalando-50-NOK,zalando-50-nok
Apple Music 12 Months,Apple-Music-12-Months,apple-music-12-months
Paysafecard 75 GBP,Paysafecard-75-GBP,paysafecard-75-gbp
Paysafecard 50 EUR BE,Paysafecard-50-EUR-BE,paysafecard-50-eur-be
PSN 5000 JPY,PSN-5000-JPY,psn-5000-jpy
Xbox 10 EUR,Xbox-10-EUR,xbox-10-eur
Netflix 70 BRL,Netflix-70-BRL,netflix-70-brl
Zalando 5 EUR ES,Zalando-5-EUR-ES,zalando-5-eur-es
APEX Legends 6700 Coins PSN DE,APEX-Legends-6700-Coins-PSN-DE,apex-legends-6700-coins-psn-de
iTunes 250 AED,iTunes-250-AED,itunes-250-aed
WebMoney 25 USD,WebMoney-25-USD,webmoney-25-usd
Xbox Live 50 USD,Xbox-Live-50-USD,xbox-live-50-usd
Steam 50 USD,Steam-50-USD,steam-50-usd
Paysafecard 100 EUR AT,Paysafecard-100-EUR-AT,paysafecard-100-eur-at
Xbox Game Pass 3 Months EU,Xbox-Game-Pass-3-Months-EU,xbox-game-pass-3-months-eu
Bol.com 5 EUR,Bol.com-5-EUR,bolcom-5-eur
Guild Wars 2 Gems 2000 Game Card EU,Guild-Wars-2-Gems-2000-Game-Card-EU,guild-wars-2-gems-2000-game-card-eu
PlayStation Plus 90 Days DE,PlayStation-Plus-90-Days-DE,playstation-plus-90-days-de
PSN 20 USD,PSN-20-USD,psn-20-usd
Amazon 15 EUR DE,Amazon-15-EUR-DE,amazon-15-eur-de
PSN 25 EUR IT,PSN-25-EUR-IT,psn-25-eur-it
Google Play 5 EUR IT,Google-Play-5-EUR-IT,google-play-5-eur-it
Amazon 150 EUR DE,Amazon-150-EUR-DE,amazon-150-eur-de
PlayStation Plus 90 Days BH,PlayStation-Plus-90-Days-BH,playstation-plus-90-days-bh
iTunes 50 SEK SE,iTunes-50-SEK-SE,itunes-50-sek-se
PSN 30 CHF,PSN-30-CHF,psn-30-chf
Spotify 60 PLN,Spotify-60-PLN,spotify-60-pln
PSN 5 GBP,PSN-5-GBP,psn-5-gbp
Steam 800 TWD,Steam-800-TWD,steam-800-twd
PSN 300 THB,PSN-300-THB,psn-300-thb
Steam 150 PLN,Steam-150-PLN,steam-150-pln
Transcash 100 EUR,Transcash-100-EUR,transcash-100-eur
Keplerk 100 EUR,Keplerk-100-EUR,keplerk-100-eur
Spotify 3 Month IT,Spotify-3-Month-IT,spotify-3-month-it
Spotify 1 Month CH,Spotify-1-Month-CH,spotify-1-month-ch
Spotify 3 Months DE,Spotify-3-Months-DE,spotify-3-months-de
Zula 3000 Gold,Zula-3000-Gold,zula-3000-gold
PSN 50 EUR FI,PSN-50-EUR-FI,psn-50-eur-fi
PayPal Giftcard 100 MXN,PayPal-Giftcard-100-MXN,paypal-giftcard-100-mxn
ecoVoucher 150 EUR,ecoVoucher-150-EUR,ecovoucher-150-eur
iTunes 25 EUR IE,iTunes-25-EUR-IE,itunes-25-eur-ie
Paysafecard 10 EUR AT,Paysafecard-10-EUR-AT,paysafecard-10-eur-at
Google Play 5000 JPY,Google-Play-5000-JPY,google-play-5000-jpy
Amazon 10 AUD,Amazon-10-AUD,amazon-10-aud
iTunes 10 USD,iTunes-10-USD,itunes-10-usd
AdvCash 2500 UAH,AdvCash-2500-UAH,advcash-2500-uah
PSN 30 USD QA,PSN-30-USD-QA,psn-30-usd-qa
eBay 100 USD,eBay-100-USD,ebay-100-usd
FIFA 20 PS4 750 points DE,fifa-20-ps4-750-points-de,fifa-20-ps4-750-points-de
PSN 45 USD KW,PSN-45-USD-KW,psn-45-usd-kw
Neosurf 300 DKK,Neosurf-300-DKK,neosurf-300-dkk
iTunes 5 EUR IE,iTunes-5-EUR-IE,itunes-5-eur-ie
Mint 50 EUR,Mint-50-EUR,mint-50-eur
PlayStation Plus 365 days CH,PlayStation-Plus-365-days-CH,playstation-plus-365-days-ch
Spotify 6 months AU,Spotify-6-months-AU,spotify-6-months-au
PSN 4000 RUB RU,PSN-4000-RUB-RU,psn-4000-rub-ru
PSN 10000 JPY,PSN-10000-JPY,psn-10000-jpy
Zalando 500 PLN,Zalando-500-PLN,zalando-500-pln
CASHlib 100 PLN,CASHlib-100-PLN,cashlib-100-pln
Amazon 100 EUR FR,Amazon-100-EUR-FR,amazon-100-eur-fr
Steam 3 TRY,Steam-3-TRY,steam-3-try
iTunes 20 PLN,iTunes-20-PLN,itunes-20-pln
PSN 5 USD BH,PSN-5-USD-BH,psn-5-usd-bh
Amazon 5 EUR IT,Amazon-5-EUR-IT,amazon-5-eur-it
Spotify 1 Month BR,Spotify-1-Month-BR,spotify-1-month-br
CASHlib 25 CHF,CASHlib-25-CHF,cashlib-25-chf
CashU 30 USD Levant,CashU-30-USD-Levant,cashu-30-usd-levant
PSN 50 PLN PL,PSN-50-PLN-PL,psn-50-pln-pl
Bitsa 50 EUR,Bitsa-50-EUR,bitsa-50-eur
Zalando 1000 DKK,Zalando-1000-DKK,zalando-1000-dkk
Neosurf 30 EUR,Neosurf-30-EUR,neosurf-30-eur
PSN 70 USD KW,PSN-70-USD-KW,psn-70-usd-kw
PlayStation Plus 365 Days US,PlayStation-Plus-365-Days-US,playstation-plus-365-days-us
Facebook 150 MXN,Facebook-150-MXN,facebook-150-mxn
Toneo First 250 EUR,Toneo-First-250-EUR,toneo-first-250-eur
Xbox Live 6 Months UK,Xbox-Live-6-Months-UK,xbox-live-6-months-uk
"EasyCard 21,50","EasyCard-21,50",easycard-2150
Facebook 15 USD,Facebook-15-USD,facebook-15-usd
PSN 45 USD AE,PSN-45-USD-AE,psn-45-usd-ae
Paysafecard 250 AED,Paysafecard-250-AED,paysafecard-250-aed
Neosurf 5 EUR,Neosurf-5-EUR,neosurf-5-eur
PSN 15 USD KW,PSN-15-USD-KW,psn-15-usd-kw
Steam 20 USD,Steam-20-USD,steam-20-usd
CASHlib 5 GBP,CASHlib-5-GBP,cashlib-5-gbp
Paysafecard 500 MXN,Paysafecard-500-MXN,paysafecard-500-mxn
Amazon 500 JPY,Amazon-500-JPY,amazon-500-jpy
Amazon 20 EUR ES,Amazon-20-EUR-ES,amazon-20-eur-es
PSN 10 USD,PSN-10-USD,psn-10-usd
Ouibus 50 EUR FR,Ouibus-50-EUR-FR,ouibus-50-eur-fr
Virtual Visa 15 USD,Virtual-Visa-15-USD,virtual-visa-15-usd
iTunes 250 DKK DK,iTunes-250-DKK-DK,itunes-250-dkk-dk
River Island 100 GBP,River-Island-100-GBP,river-island-100-gbp
iTunes 100 EUR IE,iTunes-100-EUR-IE,itunes-100-eur-ie
Prepaid Mastercard 250 HKD,Prepaid-Mastercard-250-HKD,prepaid-mastercard-250-hkd
Flexepin CAD 250,Flexepin-CAD-250,flexepin-cad-250
iTunes 100 PLN,iTunes-100-PLN,itunes-100-pln
Spotify 6 Months NL,Spotify-6-Months-NL,spotify-6-months-nl
Qiwi 10000 RUB,Qiwi-10000-RUB,qiwi-10000-rub
Uber 50 USD,Uber-50-USD,uber-50-usd
Microsoft 25 EUR,Microsoft-25-EUR,microsoft-25-eur
PSN 10 USD SA,PSN-10-USD-SA,psn-10-usd-sa
Steam 400 AED,Steam-400-AED,steam-400-aed
Spotify 3 Month LV,Spotify-3-Month-LV,spotify-3-month-lv
Amazon 5 AUD,Amazon-5-AUD,amazon-5-aud
APEX Legends 11500 Coins PSN DE,APEX-Legends-11500-Coins-PSN-DE,apex-legends-11500-coins-psn-de
Star Wars The Old Republic 2400 Cartel Coins,Star-Wars-The-Old-Republic-2400-Cartel-Coins,star-wars-the-old-republic-2400-cartel-coins
Americanas 100 BRL,Americanas-100-BRL,americanas-100-brl-1596585620852-5909
Amazon 15 GBP,Amazon-15-GBP,amazon-15-gbp
Zalando 50 EUR DE,Zalando-50-EUR-DE,zalando-50-eur-de
PlayStation Plus 365 days FR,PlayStation-Plus-365-days-FR,playstation-plus-365-days-fr
iTunes 100 AED,iTunes-100-AED,itunes-100-aed
PlayStation Plus 30 Days UK,PlayStation-Plus-30-Days-UK,playstation-plus-30-days-uk
Amazon 50 EUR DE,Amazon-50-EUR-DE,amazon-50-eur-de
Crypto Voucher 50 EUR,Crypto-Voucher-50-EUR,crypto-voucher-50-eur
WebMoney 10 EUR,WebMoney-10-EUR,webmoney-10-eur
AdvCash 50 BRL,AdvCash-50-BRL,advcash-50-brl
iTunes 15 EUR FI,iTunes-15-EUR-FI,itunes-15-eur-fi
Nexon Karma Koin 10 EUR,Nexon-Karma-Koin-10-EUR,nexon-karma-koin-10-eur
Google Play 5 CHF CH,Google-Play-5-CHF-CH,google-play-5-chf-ch
Xbox Live 1 Month EU,Xbox-Live-1-Month-EU,xbox-live-1-month-eu
Bol.com 25 EUR,Bol.com-25-EUR,bolcom-25-eur
Jeton 5 EUR,Jeton-5-EUR,jeton-5-eur
Ticket Premium 100 EUR,Ticket-Premium-100-EUR,ticket-premium-100-eur
iTunes 5 EUR FI,iTunes-5-EUR-FI,itunes-5-eur-fi
PSN-1000-JPY,PSN-1000-JPY,psn-1000-jpy
PSN 15 EUR ES,PSN-15-EUR-ES,psn-15-eur-es
G2A Giftcard 100 GBP,G2A-Giftcard-100-GBP,g2a-giftcard-100-gbp
Xbox 5 EUR,Xbox-5-EUR,xbox-5-eur
WalletOne 2500 RUB,WalletOne-2500-RUB,walletone-2500-rub
PSN 100 EUR CH,PSN-100-EUR-CH,psn-100-eur-ch
PCS 100 EUR,PCS-100-EUR,pcs-100-eur
Netflix 25 EUR,Netflix-25-EUR,netflix-25-eur
Xbox 30 EUR,Xbox-30-EUR,xbox-30-eur
GameForge 25 EUR,GameForge-25-EUR,gameforge-25-eur
Xbox Game Pass Ultimate 3 Month EUR,Xbox-Game-Pass-Ultimate-3-Month-EUR,xbox-game-pass-ultimate-3-month-eur
NCSOFT 800 NCoins,NCSOFT-800-NCoins,ncsoft-800-ncoins
Paysafecard 100 EUR FR,Paysafecard-100-EUR-FR,paysafecard-100-eur-fr
PSN 50 EUR AT,PSN-50-EUR-AT,psn-50-eur-at
CASHlib 100 GBP,CASHlib-100-GBP,cashlib-100-gbp
Uber 25 USD,Uber-25-USD,uber-25-usd
PlayStation Plus 90 days AU,PlayStation-Plus-90-days-AU,playstation-plus-90-days-au
Google Play 20 PLN,Google-Play-20-PLN,google-play-20-pln
Amazon 20 EUR DE,Amazon-20-EUR-DE,amazon-20-eur-de
PSN 45 USD BH,PSN-45-USD-BH,psn-45-usd-bh
League Of Legends 12 TRY,League-Of-Legends-12-TRY,league-of-legends-12-try
PSN 100 RON,PSN-100-RON,psn-100-ron
Xbox Live 14 Days,Xbox-Live-14-Days,xbox-live-14-days
Zalando 1000 SEK,Zalando-1000-SEK,zalando-1000-sek
League Of Legends 64 TRY - 1780RP,League-Of-Legends-64-TRY-1780RP,league-of-legends-64-try-1780rp
Netflix 25 GBP,Netflix-25-GBP,netflix-25-gbp
Steam 50 AED,Steam-50-AED,steam-50-aed
World of Warcraft 60 days US,World-of-Warcraft-60-days-US,world-of-warcraft-60-days-us
Google 50 BRL,Google-50-BRL,google-50-brl
PCS 250 EUR,PCS-250-EUR,pcs-250-eur
PSN 1000 THB,PSN-1000-THB,psn-1000-thb
Uber 50 BRL,Uber-50-BRL,uber-50-brl
Google Play 30 AED,Google-30-AED,google-play-30-aed
Xbox-Live-5-USD,Xbox-Live-5-USD,xbox-live-5-usd
Flexepin GBP 150,Flexepin-GBP-150,flexepin-gbp-150
Xbox 50 EUR,Xbox-50-EUR,xbox-50-eur
Xbox Live 300 MXN,Xbox-Live-300-MXN,xbox-live-300-mxn
PSN 300 HKD,PSN-300-HKD,psn-300-hkd
PSN 50 EUR GR,PSN-50-EUR-GR,psn-50-eur-gr
River Island 25 GBP,River-Island-25-GBP,river-island-25-gbp
PSN 200 NOK,PSN-200-NOK,psn-200-nok
QQ 50 CNY,QQ-50-CNY,qq-50-cny
Xbox 25 TRY,Xbox-25-TRY,xbox-25-try
Skrill Giftcard 50 EUR,Skrill-Giftcard-50-EUR,skrill-giftcard-50-eur
PSN 30 AUD,PSN-30-AUD,psn-30-aud
PayPal Giftcard 10 USD,PayPal-Giftcard-10-USD,paypal-giftcard-10-usd
Nintendo 5000 JPY,Nintendo-5000-JPY,nintendo-5000-jpy
Google Play 100 TRY,Google-Play-100-TRY,google-play-100-try
Green Man Gaming 50 GBP,Green-Man-Gaming-50-GBP,green-man-gaming-50-gbp
Steam 150 HKD,Steam-150-HKD,steam-150-hkd
Toneo First 30 EUR,Toneo-First-30-EUR,toneo-first-30-eur
eBay 50 USD,eBay-50-USD,ebay-50-usd
Steam 5 USD,Steam-5-USD,steam-5-usd
iTunes 100 DKK DK,iTunes-100-DKK-DK,itunes-100-dkk-dk
Amazon 5 USD,Amazon-5-USD,amazon-5-usd
Deezer 30 EUR NL,Deezer-30-EUR-NL,deezer-30-eur-nl
Prepaid Mastercard 10 EUR,Prepaid-Mastercard-10-EUR,prepaid-mastercard-10-eur
Bitsa 250 EUR,Bitsa-250-EUR,bitsa-250-eur
Spotify 1 Month DE,Spotify-1-Month-DE,spotify-1-month-de
Origin 15 EUR,Origin-15-EUR,origin-15-eur
Free Fire 2200 Diamonds,Free-Fire-2200-Diamonds,free-fire-2200-diamonds
Amazon 50 USD,Amazon-50-USD,amazon-50-usd
GT-Mobile 10 NL,GT-Mobile-10-NL,gt-mobile-10-nl
PlayStation Plus 30 days IT,PlayStation-Plus-30-days-IT,playstation-plus-30-days-it
Flexepin AUD 100,Flexepin-AUD-100,flexepin-aud-100
Xbox 15 AUD,Xbox-15-AUD,xbox-15-aud
PSN 30 EUR FR,PSN-30-EUR-FR,psn-30-eur-fr
Skype 10 USD,Skype-10-USD,skype-10-usd
Neosurf 30 CAD,Neosurf-30-CAD,neosurf-30-cad
Amazon 15 EUR IT,Amazon-15-EUR-IT,amazon-15-eur-it
Prepaid Mastercard 10 GBP,Prepaid-Mastercard-10-GBP,prepaid-mastercard-10-gbp
Neosurf 1000 DKK,Neosurf-1000-DKK,neosurf-1000-dkk
Facebook 10 GBP,Facebook-10-GBP,facebook-10-gbp
Nintendo eShop 35 USD,Nintendo-eShop-35-USD,nintendo-eshop-35-usd
Virtual Visa 5 CAD,Virtual-Visa-5-CAD,virtual-visa-5-cad
Flexepin EUR 10,Flexepin-EUR-10,flexepin-eur-10
Steam 10 USD,Steam-10-USD,steam-10-usd
Paysafecard 10 GBP,Paysafecard-10-GBP,paysafecard-10-gbp
Origin 25 GBP,Origin-25-GBP,origin-25-gbp
Zalando 250 DKK,Zalando-250-DKK,zalando-250-dkk
PlayStation Plus 365 days PL,PlayStation-Plus-365-days-PL,playstation-plus-365-days-pl
League Of Legends 125 TRY - 3620RP,League-Of-Legends-125-TRY-3620RP,league-of-legends-125-try-3620rp
Virtual Visa 50 AUD,Virtual-Visa-50-AUD,virtual-visa-50-aud
WebMoney 10 USD,WebMoney-10-USD,webmoney-10-usd
Crypto Voucher 10 USD,Crypto-Voucher-10-USD,crypto-voucher-10-usd
Eve Online 7430 PLEX,Eve-Online-7430-PLEX,eve-online-7430-plex
Amazon 50 AUD,Amazon-50-AUD,amazon-50-aud
iTunes 250 SEK SE,iTunes-250-SEK-SE,itunes-250-sek-se
Neosurf 100 EUR FR,Neosurf-100-EUR-FR,neosurf-100-eur-fr
PSN 40 USD AE,PSN-40-USD-AE,psn-40-usd-ae
Prepaid Mastercard 60 HKD,Prepaid-Mastercard-60-HKD,prepaid-mastercard-60-hkd
"EasyCard 159,5","EasyCard-159,5",easycard-1595
iTunes 250 SAR,iTunes-250-SAR,itunes-250-sar
Toneo First 15 EUR,Toneo-First-15-EUR,toneo-first-15-eur
Talk Home APP GBP10,Talk-Home-APP-GBP10,talk-home-app-gbp10
Zalando 25 EUR FI,Zalando-25-EUR-FI,zalando-25-eur-fi
Runescape 30 days EU,Runescape-30-days-EU,runescape-30-days-eu
Xbox 25 AUD,Xbox-25-AUD,xbox-25-aud
PSN 4000 INR IN,PSN-4000-INR-IN,psn-4000-inr-in
Virgin e voucher Pay As You Go GBP5,Virgin-e-voucher-Pay-As-You-Go-GBP5,virgin-e-voucher-pay-as-you-go-gbp5
iTunes 10 CAD,iTunes-10-CAD,itunes-10-cad
Battle.net 15 GBP,Battle.net-15-GBP,battlenet-15-gbp
Spotify 1 Month GR,Spotify-1-Month-GR,spotify-1-month-gr
AdvCash 100000 KZT,AdvCash-100000-KZT,advcash-100000-kzt
Free Fire 100 Diamonds,Free-Fire-100-Diamonds,free-fire-100-diamonds
Origin 20 AUD,Origin-20-AUD,origin-20-aud
Playstation Now 1 Month IT,Playstation-Now-1-Month-IT,playstation-now-1-month-it
Steam 25 PLN,Steam-25-PLN,steam-25-pln
IMVU 25 USD,IMVU-25-USD,imvu-25-usd
Neosurf 20 GBP,Neosurf-20-GBP,neosurf-20-gbp
PSN 40 USD BH,PSN-40-USD-BH,psn-40-usd-bh
Jeton 50 EUR,Jeton-50-EUR,jeton-50-eur
PSN 20 USD KW,PSN-20-USD-KW,psn-20-usd-kw
PlayStation Plus 90 days PT,PlayStation-Plus-90-days-PT,playstation-plus-90-days-pt
Prepaid Mastercard 100 USD,Prepaid-Mastercard-100-USD,prepaid-mastercard-100-usd
PSN 50 EUR IE,PSN-50-EUR-IE,psn-50-eur-ie
Neosurf 10 CAD,Neosurf-10-CAD,neosurf-10-cad
Steam 2 USD,Steam-2-USD,steam-2-usd
G2A Giftcard 100 USD,G2A-Giftcard-100-USD,g2a-giftcard-100-usd
Roblox 10 USD,Roblox-10-USD,roblox-10-usd
Origin 60 AUD,Origin 60 AUD,origin-60-aud
League of Legends 50 USD,League-of-Legends-50-USD,league-of-legends-50-usd
PSN 400 MXN,PSN-400-MXN,psn-400-mxn
Mint 100 EUR,Mint-100-EUR,mint-100-eur
QQ 100 CNY,QQ-100-CNY,qq-100-cny
Paysafecard 10 EUR ES,Paysafecard-10-EUR-ES,paysafecard-10-eur-es
Amazon 500 EUR DE,Amazon-500-EUR-DE,amazon-500-eur-de
iTunes 10 EUR ES,iTunes-10-EUR-ES,itunes-10-eur-es
PSN 75 EUR FR,PSN-75-EUR-FR,psn-75-eur-fr
Razer Gold 5 USD,Razer-Gold-5-USD,razer-gold-5-usd
Spotify 120 PLN,Spotify-120-PLN,spotify-120-pln
PSN 60 USD AE,PSN-60-USD-AE,psn-60-usd-ae
Fifa 18 - 2200 FUT Points,Fifa-18-2200-FUT-Points,fifa-18-2200-fut-points
Prepaid Mastercard 3 USD,Prepaid-Mastercard-3-USD,prepaid-mastercard-3-usd
Flexepin CAD 500,Flexepin-CAD-500,flexepin-cad-500
PlayStation Plus 90 Days SK,PlayStation-Plus-90-Days-SK,playstation-plus-90-days-sk
Xbox Live 10 USD,Xbox-Live-10-USD,xbox-live-10-usd
Rixty 25 USD,Rixty-25-USD,rixty-25-usd
Ticket Premium 150 EUR,Ticket-Premium-150-EUR,ticket-premium-150-eur
Runescape 10 USD,Runescape-10-USD,runescape-10-usd
Amazon 10 CAD,Amazon-10-CAD,amazon-10-cad
Spotify 1 Month SE,Spotify-1-Month-SE,spotify-1-month-se
ecoVoucher 75 EUR,ecoVoucher-75-EUR,ecovoucher-75-eur
Skrill Giftcard 10 EUR,Skrill-Giftcard-10-EUR,skrill-giftcard-10-eur
Paysafecard 50 PLN,Paysafecard-50-PLN,paysafecard-50-pln
Razer Gold 20 USD,Razer-Gold-20-USD,razer-gold-20-usd
Runescape 25 USD,Runescape-25-USD,runescape-25-usd
Green Man Gaming 5 GBP,Green-Man-Gaming-5-GBP,green-man-gaming-5-gbp
Playstation Now 12 Months UK,Playstation-Now-12-Months-UK,playstation-now-12-months-uk
Amazon 25 EUR ES,Amazon-25-EUR-ES,amazon-25-eur-es
Xbox 50 BRL BR,Xbox-50-BRL-BR,xbox-50-brl-br
Nintendo eShop 20 USD,Nintendo-eShop-20-USD,nintendo-eshop-20-usd
PSN 15 USD SA,PSN-15-USD-SA,psn-15-usd-sa
Xbox Live 20 GBP,Xbox-Live-20-GBP,xbox-live-20-gbp
Paysafecard 10 EUR IT,Paysafecard-10-EUR-IT,paysafecard-10-eur-it
bitnovo 250 EUR,bitnovo-250-EUR,bitnovo-250-eur
Google Play 100 AED,Google-100-AED,google-play-100-aed
iTunes 5 EUR ES,iTunes-5-EUR-ES,itunes-5-eur-es
Xbox Live 3plus1 months,Xbox-Live-3plus1-months,xbox-live-3plus1-months
Final Fantasy XIV: A Realm Reborn 60-day time card,Final-Fantasy-XIV-A-Realm-Reborn-60-day-time-card,final-fantasy-xiv-a-realm-reborn-60-day-time-card
World of Warcraft 60 days EU,World-of-Warcraft-60-days-EU,world-of-warcraft-60-days-eu
Zalando 25 EUR NL,Zalando-25-EUR-NL,zalando-25-eur-nl
iTunes 15 CHF CH,iTunes-15-CHF-CH,itunes-15-chf-ch
League Of Legends 162 TRY,League-Of-Legends-162-TRY,league-of-legends-162-try
Google Play 10 USD,Google-Play-10-USD,google-play-10-usd
bit4coin 100 EUR,bit4coin-100-EUR,bit4coin-100-eur
Spotify 6 Month IE,Spotify-6-Month-IE,spotify-6-month-ie
PayPal Giftcard 50 CAD,PayPal-Giftcard-50-CAD,paypal-giftcard-50-cad
PSN 800 THB,PSN-800-THB,psn-800-thb
Mint 100 USD,Mint-100-USD,mint-100-usd
PSN 20 EUR ES,PSN-20-EUR-ES,psn-20-eur-es
PSN 5 USD KW,PSN-5-USD-KW,psn-5-usd-kw
Kinguin 50 EUR,Kinguin-50-EUR,kinguin-50-eur
Neosurf 50 CAD,Neosurf-50-CAD,neosurf-50-cad
EA Access 12 Months,EA-Access-12-Months,ea-access-12-months
Spotify 6 Month AT,Spotify-6-Month-AT,spotify-6-month-at
Xbox Live 100 PLN PL,Xbox-Live-100-PLN-PL,xbox-live-100-pln-pl
CASHlib 50 EUR,CASHlib-50-EUR,cashlib-50-eur
Zalando 100 GBP,Zalando-100-GBP,zalando-100-gbp
PSN 5 EUR DE,PSN-5-EUR-DE,psn-5-eur-de
CashU 50 USD NAC,CashU-50-USD-NAC,cashu-50-usd-nac
EA Origin Cash Card 15 EUR,EA-Origin-Cash-Card-15-EUR,ea-origin-cash-card-15-eur
PSN 20 EUR BE,PSN-20-EUR-BE,psn-20-eur-be
Vanilla 25 USD,Vanilla-25-USD,vanilla-25-usd
Steam 500 TWD,Steam-500-TWD,steam-500-twd
Pandora 12 Months,Pandora-12-Months,pandora-12-months
iTunes 5 EUR PT,iTunes-5-EUR-PT,itunes-5-eur-pt
Razer Gold 100 USD,Razer-Gold-100-USD,razer-gold-100-usd
Eneba 25 EUR,Eneba-25-EUR,eneba-25-eur
PSN 20 CAD,PSN-20-CAD,psn-20-cad
Playstation Now 3 Months AT,Playstation-Now-3-Months-AT,playstation-now-3-months-at
Runescape 90 days EU,Runescape-90-days-EU,runescape-90-days-eu
Nintendo 12 Months US,Nintendo-12-Months-US,nintendo-12-months-us
PSN 40 EUR IT,PSN-40-EUR-IT,psn-40-eur-it
Google Play 50 GBP,Google-Play-50-GBP,google-play-50-gbp
AdvCash 250 UAH,AdvCash-250-UAH,advcash-250-uah
iTunes 50 EUR NL,iTunes-50-EUR-NL,itunes-50-eur-nl
Google Play 25 USD,Google-Play-25-USD,google-play-25-usd
PSN 10 EUR NL,PSN-10-EUR-NL,psn-10-eur-nl
QQ 250 CNY,QQ-250-CNY,qq-250-cny
Google Play 50 AUD,Google-Play-50-AUD,google-play-50-aud
ecoVoucher 100 EUR,ecoVoucher-100-EUR,ecovoucher-100-eur
Steam 200 TWD,Steam-200-TWD,steam-200-twd
G2A Giftcard 5 GBP,G2A-Giftcard-5-GBP,g2a-giftcard-5-gbp
PlayStation Plus 90 days CH,PlayStation-Plus-90-days-CH,playstation-plus-90-days-ch
Dinrex Testproduct CURRENCY,Dinrex-Testproduct-CURRENCY,dinrex-testproduct-currency
Zalando 50 EUR FR,Zalando-50-EUR-FR,zalando-50-eur-fr
Spotify 1 Month AT,Spotify-1-Month-AT,spotify-1-month-at
Crypto Voucher 10 EUR,Crypto-Voucher-10-EUR,crypto-voucher-10-eur
PlayStation Plus 365 Days OM,PlayStation-Plus-365-Days-OM,playstation-plus-365-days-om
Nintendo 70 PLN,Nintendo-70-PLN,nintendo-70-pln
Green Man Gaming 100 EUR,Green-Man-Gaming-100-EUR,green-man-gaming-100-eur
Crunchyroll 10 USD,Crunchyroll-10-USD,crunchyroll-10-usd
Google Play 50 USD,Google-Play-50-USD,google-play-50-usd
PSN 20 EUR FR,PSN-20-EUR-FR,psn-20-eur-fr
Yandex Money 2500 RUB,Yandex-Money-2500-RUB,yandex-money-2500-rub
NCSOFT 1600 NCoins WW,NCSOFT-1600-NCoins-WW,ncsoft-1600-ncoins-ww
Jeton 25 EUR,Jeton-25-EUR,jeton-25-eur
iTunes 3000 JPY,iTunes-3000-JPY,itunes-3000-jpy
OneCard 200 USD,OneCard-200-USD,onecard-200-usd
Paysafecard 20 EUR DE,Paysafecard-20-EUR-DE,paysafecard-20-eur-de
Netflix 15 GBP,Netflix-15-GBP,netflix-15-gbp
iTunes 50 CHF CH,iTunes-50-CHF-CH,itunes-50-chf-ch
Spotify 1 Month IE,Spotify-1-Month-IE,spotify-1-month-ie
Paysafecard 50 EUR AT,Paysafecard-50-EUR-AT,paysafecard-50-eur-at
Syma 20 EUR,Syma-20-EUR,syma-20-eur
iTunes 25 EUR NL,iTunes-25-EUR-NL,itunes-25-eur-nl
Roblox 25 USD,Roblox-25-USD,roblox-25-usd
LotRO 10 EUR,LotRO-10-EUR,lotro-10-eur
Eve Online 2860 PLEX,Eve-Online-2860-PLEX,eve-online-2860-plex
PayPal Giftcard 100 CAD,PayPal-Giftcard-100-CAD,paypal-giftcard-100-cad
Spotify 100 MXN,Spotify-100-MXN,spotify-100-mxn
Go Cash 10 USD,Go-Cash-10-USD,go-cash-10-usd
Playstation Now 12 Months DE,Playstation-Now-12-Months-DE,playstation-now-12-months-de
PSN 20 USD QA,PSN-20-USD-QA,psn-20-usd-qa
PSN 60 BRL BR,PSN-60-BRL-BR,psn-60-brl-br
PSN 70 USD SA,PSN-70-USD-SA,psn-70-usd-sa
Spotify 1 Month FI,Spotify-1-Month-FI,spotify-1-month-fi
Free Fire 1080 Diamonds,Free-Fire-1080-Diamonds,free-fire-1080-diamonds
iTunes 25 CHF CH,iTunes-25-CHF-CH,itunes-25-chf-ch
FIFA 17 - 4600 FUT Points,FIFA-17-4600-FUT-Points,fifa-17-4600-fut-points
Neosurf 200 CHF,Neosurf-200-CHF,neosurf-200-chf
Amex 50 USD,Amex-50-USD,amex-50-usd
iTunes 50 EUR IT,iTunes-50-EUR-IT,itunes-50-eur-it
Spotify 60 USD,Spotify-60-USD,spotify-60-usd
Green Man Gaming 25 EUR,Green-Man-Gaming-25-EUR,green-man-gaming-25-eur
Zalando 50 EUR BE,Zalando-50-EUR-BE,zalando-50-eur-be
PlayStation Plus 90 Days NL,PlayStation-Plus-90-Days-NL,playstation-plus-90-days-nl
Amazon 100 EUR DE,Amazon-100-EUR-DE,amazon-100-eur-de
PlayStation Plus 365 Days SK,PlayStation-Plus-365-Days-SK,playstation-plus-365-days-sk
CASHlib 300 PLN,CASHlib-300-PLN,cashlib-300-pln
Neosurf 100 CAD,Neosurf-100-CAD,neosurf-100-cad
League of Legends 20 EUR - WEST NORTH EAST,League-of-Legends-20-EUR-WEST-NORTH-EAST,league-of-legends-20-eur-west-north-east
Prepaid Mastercard 5 USD,Prepaid-Mastercard-5-USD,prepaid-mastercard-5-usd
PlayStation Plus 90 days QA,PlayStation-Plus-90-days-QA,playstation-plus-90-days-qa
Google Play 100 CHF,Google-Play-100-CHF,google-play-100-chf
Xbox Game Pass 3 months,Xbox-Game-Pass-3-months,xbox-game-pass-3-months
PlayStation Plus 365 Days BH,PlayStation-Plus-365-Days-BH,playstation-plus-365-days-bh
WalletOne 500 RUB,WalletOne-500-RUB,walletone-500-rub
Nintendo 120 PLN,Nintendo-120-PLN,nintendo-120-pln
iTunes 5 CAD,iTunes-5-CAD,itunes-5-cad
Prepaid Mastercard 600 JPY,Prepaid-Mastercard-600-JPY,prepaid-mastercard-600-jpy
CASHlib 10 GBP,CASHlib-10-GBP,cashlib-10-gbp
PSN 20 USD AE,PSN-20-USD-AE,psn-20-usd-ae
Zalando 100 EUR DE,Zalando-100-EUR-DE,zalando-100-eur-de
Toneo First 200 EUR,Toneo-First-200-EUR,toneo-first-200-eur
Nintendo 50 CAD,Nintendo-50-CAD,nintendo-50-cad
iTunes 10 EUR FI,iTunes-10-EUR-FI,itunes-10-eur-fi
PSN 70 USD BH,PSN-70-USD-BH,psn-70-usd-bh
FIFA 20 - 15 USD - 1600 FUT Points,Fifa-20-15-USD-1600-FUT-Points,fifa-20-15-usd-1600-fut-points
Dinrex Testproduct MPV,Dinrex-Testproduct-MPV,dinrex-testproduct-mpv
CASHlib 250 EUR,CASHlib-250-EUR,cashlib-250-eur
Skype 150 MXN,Skype-150-MXN,skype-150-mxn
PSN 250 BRL BR,PSN-250-BRL-BR,psn-250-brl-br
Neosurf 100 EUR,Neosurf-100-EUR,neosurf-100-eur
Neosurf 15 EUR FR,Neosurf-15-EUR-FR,neosurf-15-eur-fr
Neosurf 25 CHF,Neosurf-25-CHF,neosurf-25-chf
PayPal Giftcard 5 AUD,PayPal-Giftcard-5-AUD,paypal-giftcard-5-aud
PSN 30 USD SA,PSN-30-USD-SA,psn-30-usd-sa
Netflix 30 USD,Netflix-30-USD,netflix-30-usd
CashU 30 USD ROW,CashU-30-USD-ROW,cashu-30-usd-row
Zalando 10 GBP,Zalando-10-GBP,zalando-10-gbp
League Of Legends 32 TRY - 840RP,League-Of-Legends-32-TRY-840RP,league-of-legends-32-try-840rp
AdvCash 250 BRL,AdvCash-250-BRL,advcash-250-brl
bit4coin 25 USD,bit4coin-25-USD,bit4coin-25-usd
Empik 50 PLN,Empik-50-PLN,empik-50-pln
League Of Legends 48 TRY,League-Of-Legends-48-TRY,league-of-legends-48-try
Zalando 100 DKK,Zalando-100-DKK,zalando-100-dkk
PSN 60 USD BH,PSN-60-USD-BH,psn-60-usd-bh
Amazon 25 EUR NL,Amazon-25-EUR-NL,amazon-25-eur-nl
"EasyCard 106,5","EasyCard-106,5",easycard-1065
PlayStation Plus 90 days GR,PlayStation-Plus-90-days-GR,playstation-plus-90-days-gr
iTunes 500 SAR,iTunes-500-SAR,itunes-500-sar
Steam 10 TRY,Steam-10-TRY,steam-10-try
oBucks 10 USD,oBucks-10-USD,obucks-10-usd
Facebook 250 MXN,Facebook-250-MXN,facebook-250-mxn
FIFA 19 - 2200 FUT Points,FIFA-19-2200-FUT-Points,fifa-19-2200-fut-points
FlipKart 250 INR,FlipKart-250-INR,flipkart-250-inr
Prepaid Mastercard 25 AUD,Prepaid-Mastercard-25-AUD,prepaid-mastercard-25-aud
Xbox 25 EUR,Xbox-25-EUR,xbox-25-eur
Amazon 25 AUD,Amazon-25-AUD,amazon-25-aud
Spotify 1 Month LV,Spotify-1-Month-LV,spotify-1-month-lv
iTunes 25 EUR IT,iTunes-25-EUR-IT,itunes-25-eur-it
League of Legends 50 EUR,League-of-Legends-50-EUR,league-of-legends-50-eur
PSN 60 USD SA,PSN-60-USD-SA,psn-60-usd-sa
Spotify 20 PLN,Spotify-20-PLN,spotify-20-pln
Razer Gold 50 EUR,Razer-Gold-50-EUR,razer-gold-50-eur
WebMoney 100 EUR,WebMoney-100-EUR,webmoney-100-eur
Spotify 30 USD,Spotify-30-USD,spotify-30-usd
Xbox Live 50 GBP,Xbox-Live-50-GBP,xbox-live-50-gbp
G2A Giftcard 50 USD,G2A-Giftcard-50-USD,g2a-giftcard-50-usd
PSN 20 GBP,PSN-20-GBP,psn-20-gbp
Paysafecard 100 EUR IT,Paysafecard-100-EUR-IT,paysafecard-100-eur-it
iTunes 10 EUR AT,iTunes-10-EUR-AT,itunes-10-eur-at
CASHlib 50 GBP,CASHlib-50-GBP,cashlib-50-gbp
PSN 500 RUB RU,PSN-500-RUB-RU,psn-500-rub-ru
Origin 10 GBP,Origin-10-GBP,origin-10-gbp
Spotify 3 Months NL,Spotify-3-Months-NL,spotify-3-months-nl
PSN 40 EUR ES,PSN-40-EUR-ES,psn-40-eur-es
Google Play 10 EUR AT,Google-Play-10-EUR-AT,google-play-10-eur-at
CashU 50 USD GCC,CashU-50-USD-GCC,cashu-50-usd-gcc
Virtual Visa 3 USD,Virtual-Visa-3-USD,virtual-visa-3-usd
Spotify 3 Month AT,Spotify-3-Month-AT,spotify-3-month-at
Paysafecard 10 EUR NL,Paysafecard-10-EUR-NL,paysafecard-10-eur-nl
Flexepin CAD 150,Flexepin-CAD-150,flexepin-cad-150
oBucks 100 USD,oBucks-100-USD,obucks-100-usd
ArcheAge 3250 credits,ArcheAge-3250-credits,archeage-3250-credits
Neosurf 100 SEK,Neosurf-100-SEK,neosurf-100-sek
Nintendo eShop 25 GBP,Nintendo-eShop-25-GBP,nintendo-eshop-25-gbp
iTunes 10 EUR NL,iTunes-10-EUR-NL,itunes-10-eur-nl
PSN 15 GBP,PSN-15-GBP,psn-15-gbp
Paysafecard 25 EUR NL,Paysafecard-25-EUR-NL,paysafecard-25-eur-nl
FIFA 17 - 12000 FUT Points,FIFA-17-12000-FUT-Points,fifa-17-12000-fut-points
eBay 25 AUD,eBay-25-AUD,ebay-25-aud
QQ 500 CNY,QQ-500-CNY,qq-500-cny
Paysafecard 20 PLN,Paysafecard-20-PLN,paysafecard-20-pln
Nintendo 1000 JPY,Nintendo-1000-JPY,nintendo-1000-jpy
Skrill-Giftcard-100-CAD,Skrill-Giftcard-100-CAD,skrill-giftcard-100-cad
PSN 35 EUR IT,PSN-35-EUR-IT,psn-35-eur-it
AdvCash 500 BRL,AdvCash-500-BRL,advcash-500-brl
ecoVoucher 250 EUR,ecoVoucher-250-EUR,ecovoucher-250-eur
Bitsa 25 EUR,Bitsa-25-EUR,bitsa-25-eur
bit4coin 10 GBP,bit4coin-10-GBP,bit4coin-10-gbp
PSN 45 USD SA,PSN-45-USD-SA,psn-45-usd-sa
Prepaid Mastercard 10 USD,Prepaid-Mastercard-10-USD,prepaid-mastercard-10-usd
CASHlib 20 AUD,CASHlib-20-AUD,cashlib-20-aud
Prepaid Mastercard 100 HKD,Prepaid-Mastercard-100-HKD,prepaid-mastercard-100-hkd
PSN 50 USD,PSN-50-USD,psn-50-usd
Paysafecard 50 EUR IT,Paysafecard-50-EUR-IT,paysafecard-50-eur-it
Paysafecard 50 EUR NL,Paysafecard-50-EUR-NL,paysafecard-50-eur-nl
Zalando 10 EUR FR,Zalando-10-EUR-FR,zalando-10-eur-fr
Amex 25 USD,Amex-25-USD,amex-25-usd
Xbox Live 1 Month UK,Xbox-Live-1-Month-UK,xbox-live-1-month-uk
Zalando 100 PLN,Zalando-100-PLN,zalando-100-pln
Steam 100 TRY,Steam-100-TRY,steam-100-try
Xbox Live 1 Month SA,Xbox-Live-1-Month-SA,xbox-live-1-month-sa
PSN 100 CHF,PSN-100-CHF,psn-100-chf
AdvCash 50000 KZT,AdvCash-50000-KZT,advcash-50000-kzt
Rixty 5 USD,Rixty-5-USD,rixty-5-usd
Spotify 3 Month SE,Spotify-3-Month-SE,spotify-3-month-se
iTunes 100 EUR FR,iTunes-100-EUR-FR,itunes-100-eur-fr
PlayStation Plus 90 Days CZ,PlayStation-Plus-90-Days-CZ,playstation-plus-90-days-cz
Spotify 60 EUR BE,Spotify-60-EUR-BE,spotify-60-eur-be
Nintendo eShop 25 EUR,Nintendo-eShop-25-EUR,nintendo-eshop-25-eur
Facebook 20 EUR,Facebook-20-EUR,facebook-20-eur
PSN 15 USD AE,PSN-15-USD-AE,psn-15-usd-ae
Vodafone e-voucher Pay as you go GBP10,Vodafone-e-voucher-Pay-as-you-go-GBP10,vodafone-e-voucher-pay-as-you-go-gbp10
AdvCash 25 BRL,AdvCash-25-BRL,advcash-25-brl
Netflix 50 AUD,Netflix-50-AUD,netflix-50-aud
iTunes 100 SAR,iTunes-100-SAR,itunes-100-sar
Crypto Voucher 25 EUR,Crypto-Voucher-25-EUR,crypto-voucher-25-eur
Zalando 100 EUR ES,Zalando-100-EUR-ES,zalando-100-eur-es
Virtual Visa 25 AUD,Virtual-Visa-25-AUD,virtual-visa-25-aud
Nexon Cash 30.000 EU,Nexon-Cash-30.000-EU,nexon-cash-30000-eu
Toneo First 100 EUR,Toneo-First-100-EUR,toneo-first-100-eur
WebMoney 5 USD,WebMoney-5-USD,webmoney-5-usd
Roblox 10 EUR,Roblox-10-EUR,roblox-10-eur
Nintendo 12 Months EU,Nintendo-12-Months-EU,nintendo-12-months-eu
Green Man Gaming 10 GBP,Green-Man-Gaming-10-GBP,green-man-gaming-10-gbp
League of Legends 10 EUR,League-of-Legends-10-EUR,league-of-legends-10-eur
Amazon 20 EUR IT,Amazon-20-EUR-IT,amazon-20-eur-it
Mint 50 GBP,Mint-50-GBP,mint-50-gbp
Crunchyroll 50 USD,Crunchyroll-50-USD,crunchyroll-50-usd
Xbox 15 USD GCC,Xbox-15-USD-GCC,xbox-15-usd-gcc
PSN 30 USD KW,PSN-30-USD-KW,psn-30-usd-kw
PayPal Giftcard 1000 MXN,PayPal-Giftcard-1000-MXN,paypal-giftcard-1000-mxn
AliPay 50 CNY,AliPay-50-CNY,alipay-50-cny
Razer Gold 50 USD,Razer-Gold-50-USD,razer-gold-50-usd
Vodafone 40 NL,Vodafone-40-NL,vodafone-40-nl
GameStop 50 USD,GameStop-50-USD,gamestop-50-usd
PSN 50 USD KW,PSN-50-USD-KW,psn-50-usd-kw
League of Legends 20 EUR - EU WEST,League-of-Legends-20-EUR-WEST,league-of-legends-20-eur-eu-west
OPSkins 50 USD,OPSkins-50-USD,opskins-50-usd
PSN 40 USD KW,PSN-40-USD-KW,psn-40-usd-kw
PlayStation Plus 365 Days DE,PlayStation-Plus-365-Days-DE,playstation-plus-365-days-de
PCS 50 EUR,PCS-50-EUR,pcs-50-eur
CASHlib 50 CHF,CASHlib-50-CHF,cashlib-50-chf
PSN 60 USD KW,PSN-60-USD-KW,psn-60-usd-kw
iTunes 25 GBP,iTunes-25-GBP,itunes-25-gbp
PlayStation Plus 365 Days LB,PlayStation-Plus-365-Days-LB,playstation-plus-365-days-lb
Razer Gold 100 EUR,Razer-Gold-100-EUR,razer-gold-100-eur
Google Play 50 CHF,Google-Play-50-CHF,google-play-50-chf
Amazon 25 EUR FR,Amazon-25-EUR-FR,amazon-25-eur-fr
Google Play 300 SAR,Google-Play-300-SAR,google-play-300-sar
PSN 30 EUR ES,PSN-30-EUR-ES,psn-30-eur-es
iTunes 100 CAD,iTunes-100-CAD,itunes-100-cad
Amazon 100 AUD,Amazon-100-AUD,amazon-100-aud
PSN 5 USD AE,PSN-5-USD-AE,psn-5-usd-ae
Vodafone e-voucher Pay as you go GBP25,Vodafone-e-voucher-Pay-as-you-go-GBP25,vodafone-e-voucher-pay-as-you-go-gbp25
iTunes 5 EUR IT,iTunes-5-EUR-IT,itunes-5-eur-it
iTunes 15 EUR DE,iTunes-15-EUR-DE,itunes-15-eur-de
iTunes 50 DKK DK,iTunes-50-DKK-DK,itunes-50-dkk-dk
PSN 40 USD QA,PSN-40-USD-QA,psn-40-usd-qa
Rixty 100 USD,Rixty-100-USD,rixty-100-usd
iTunes 25 EUR BE,iTunes-25-EUR-BE,itunes-25-eur-be
Xbox Live 3 Months EU,Xbox-Live-3-Months-EU,xbox-live-3-months-eu
PSN 15 EUR DE,PSN-15-EUR-DE,psn-15-eur-de
Flexepin CAD 30,Flexepin-CAD-30,flexepin-cad-30
PSN 50 EUR BE,PSN-50-EUR-BE,psn-50-eur-be
Google Play 5 EUR DE,Google-Play-5-EUR-DE,google-play-5-eur-de
Prepaid Mastercard 50 USD,Prepaid-Mastercard-50-USD,prepaid-mastercard-50-usd
Xbox Live 3 Months,Xbox-Live-3-Months,xbox-live-3-months
Neosurf 250 CAD,Neosurf-250-CAD,neosurf-250-cad
League Of Legends 315 TRY,League-Of-Legends-315-TRY,league-of-legends-315-try
PlayStation Plus 90 Days AE,PlayStation-Plus-90-Days-AE,playstation-plus-90-days-ae
AdvCash 100 GBP,AdvCash-100-GBP,advcash-100-gbp
Zalando 50 EUR IT,Zalando-50-EUR-IT,zalando-50-eur-it
GTA Tiger Shark Card PS4,GTA-Tiger-Shark-Card-PS-4,gta-tiger-shark-card-ps4
